Series Number,Filename,Name,Description,Gender,UUID,hashed_key
TEAM BEVEL,,,,,,a9876b669c67b8b823a45c4b6817b45bbe845df1f7e18b1cee3554bb79423778
1,adewale-the-amebo,adewale-the-amebo,adewale the amebo,male,cad316c3-37f8-4b27-9f53-9d803bfcfee7,e4d760d4b468bd49e68c47dd59c063ea70a0b5335877457bb268bcf9b105808f
2,alli-the-queeny,alli-the-queeny,Alli is an LGBT Stan.,male,a57ecda4-a26f-4e97-a757-e1800af39aab,a248f2c7b55894746d82578245898de6e19ecb1d84f0feb3a31a43d6a06602cd
3,aminat-the-snnobish,aminat-the-snnobish,Aminat never really wants to talk to anyone.,female,0e37ed0d-3e84-4f32-a91f-ec9c4ba8c7de,b0752add0a42475bfc8d82b66570dc97dd8026374dba7b0bb97d70d4f83ebf8b
4,aminu-the-carpenter,aminu-the-carpenter,"Aminu's hands are blessed, he makes the best furniture in the whole of Kano.",male,4f30b751-96e7-40fe-97fd-e3d44973ff2f,1b0ce973113c0714a6360a151ac25c6cdeb387e3819a1704b6f5a67a32e1542a
5,chibuike-the-kudibag,chibuike-the-kudibag,Chibuike is too rich. Everyone wonders how he got it.,male,5ce854f2-7ac1-46fd-b3fe-57583935d1e5,f516e42582a48e6ae25e3b556c80d436a6bd79f2770464d5f95857c6a98ce98d
6,chidinma-the-model,chidinma-the-model,"From Paris' runways, to London's streets, she's always in demand.",female,c98db72e-49ac-4ca6-89d5-e00f5fbbcc45,95a4f10461772cbb7fbce7db402b8f8718312d3e0b37996a17e11e4b49d7fade
7,chioma-pretty- girl,chioma-pretty- girl,Chioma's face card is a 100.,female,182ea888-a85b-42ca-ad73-ed4f8f9aa5c7,16b1c991c775d27a188ba39b92d705277804856bac8ed727187b087b198e4d12
8,damilare-the-handsome,damilare-the-handsome,He's a fine boy. Everyone loves his face(and him).,male,27eca2dc-d7df-474a-8f8f-1858152c711e,96355aa2029ae60802b2c476b8b74416fc7118eeb468d04ea36e2c93cadf086a
9,ebiowie-the-planter,ebiowie-the-planter,Ebiowei has a reputation for nurturing plants.,male,f1df8270-4d60-4bd4-8959-ba7c384db5c4,f606aeba6f41600bf0b3d0a332b3a33ebd2e8471f7d05fa96004acadc282cb91
10,emeka-the-businessman,emeka-the-businessman,Emeka only cares about containers. No time to waste.,male,9b3d75da-4887-4089-aee4-50de3954fdc9,784d29090cf6bbe9832a99c4cf4a303ca980d74fa6f79f894ead21b65ffd6cb9
11,gbeminyi-the-monk,gbeminyi-the-monk,He lives in a monastery off the coast. No one has heard him speak in years.,male,c8b1fd1d-8551-4bb4-8dc4-923a9aeb39fb,d33ed7a7af4d11100d6791df215fc3673dc11c9c3af4bc718b4b9098614fb9ed
12,henry-the-sportsman,henry-the-sportsman,He's played every sport known to man. Even cricket.,male,e1225451-bfdf-4a1f-8d37-9cce3a0bd67b,91e46a6e560977d88214b51eef138e8b57613b1a15eb800d6bd24f8837d78373
13,mayowa-the-smallie,mayowa-the-smallie,Mayowa is so small but everyone loves him even still.,male,dfbb4163-df24-4d54-b74c-6218a68df8bd,46de3bbad2bca0db70a595c3f2e8e91895666a31e05b83c47b81aaac66a32c35
14,muyiwa-the-stylish,muyiwa-the-stylish,Muyiwa has a motto which is never to be caught unfresh.,male,dcf9d5a0-57b7-4126-a05e-6c8f1045d3f7,a6c511572d2beea75478b351ebac8996f4a730c8d891022b411fedb4b69cd371
15,nina-paper-chaser,nina-paper-chaser,Nina na Igbo girl wey like money. Finish.,female,59524227-dc52-407c-8cca-e9e8c5fb3018,2da5a86f009850c652ad98bd7886e84eb20ca0139ab2739a70133b95f6c5aca0
16,oluwaseun-spicy,oluwaseun-spicy,He loves spicy foods. He cooks pepper and sprinkles rice on top.,male,808f7007-6552-4efa-bd13-4b7c337b102b,ccd973e03788be7fef3f4f9f081964777be10bc97ee5e1370d0b47d5de6a3668
17,sesan-the-smartie,sesan-the-smartie,Sesan always comes first in competitions.,male,ba3edda7-8940-4ca4-97ba-826398d5909f,2b40ddd5efada59f228fc97e08e4b2168bbefcfda595d7d566d7af2500885e3d
18,tiwa-london,tiwa-london,"If she says she's in London and you see her, you're in London too.",female,78da7aeb-8352-4e25-89ac-dc48b5984089,9ac1c88bc182324f4b5ab0355b9481a82f46d053b95bd906d8fd35aef81bb473
19,tunde-yoruba-demon,tunde-yoruba-demon,"Tunde derives joy in breaking girls heart. It's a lifestyle.""",male,53b46bd7-a537-402b-b249-0b4074a8faae,0357895a855f6e05bf4409c702548d600fe04cf87b77dc107f870f2bfba44492
20,yakubu-the-zombie,yakubu-the-zombie,Yakubu earned his zombie title because na only dust full him head.,male,4adb6781-1614-424e-8f77-fe59ffca2209,508dba28b2bea4d5173de187dee3c36d6809f5b8d30ad550b05d152b05eba8e9
TEAM CLUTCH,,,,,,e769f629778d2add6405f6b2202ff0df5557c0846ef83df0ffcee6e2f9725bb7
21,abdul-the-vibe,abdul-the-vibe,abdul the life of the party and can never be caught unfresh,male,770f817a-9d9a-4772-9a91-e66dd9d03470,f8486d34bd0a4ee99258cf080eb7a2dbe61fd7255a8b7496cc338e6eb343bf92
22,emeka-the -clown,emeka-the -clown,"emeka the funny man, always making silly jokes",male,78810fa6-a7ef-4d83-bf57-caf49db4ee69,41588d3d2c2b961aaa88197cf495909d79aa29957f55bb481c204403e2a609e3
23,salam-the-odogwu,salam-the-odogwu,salam is a big time textile marketer always sourcing for quality materials,male,f2957ded-022c-4b07-92c6-b345d4816a67,e46412940b744d365888b89b3b3fafd48c30740c1dba841b34f3dc1305cb25cc
24,charles-the-exporter,charles-the-exporter,charles a business man an importer and exporter never to be caught idle,male,09395e76-19ed-4852-8748-795ee7496a8e,31a846feefad9a94c7cc3500e4dcd78d8a2a319db8b0f362a14f6fba7ecfa922
25,wole-the-pimp,wole-the-pimp,wole knows all the babes in town and is always pimping them out,male,4d94d4f7-9b69-4e43-9db1-1fe83df92857,2052c42db3c6a9d5ecad98159a6554f6c96d18881c8e071ed70caf6ac1deef42
26,saro-the-baller,saro-the-baller,saro is a baller and is always ready to turnup,male,d35a7514-8996-42fb-a5f2-5a603ec679c5,2f97bb3f5c24699bcbd0c0ff0f836f18f35d21e886877e580d37efde885ccec8
27,ade-omo-yoruba,ade-omo-yoruba,ade a yourba man takes pride in the yourba tribe,male,92984fa0-310b-4377-8a10-15965d044383,a723d41040d94b5d769b25d94ba93077d9c6742b1a95dac1a7b674ed7e2025d0
28,shola-cool-kid,shola-cool-kid,shola prefers to be alone because he hates stress,male,3ac5c186-bc14-4eb6-8567-cc818465a64f,22f7f0c0d783e373a49d5986aa303b6d26eb0da0c99101b272e6a515ca22a1ca
29,charlie-the-smoker,charlie-the-smoker,charlie uses smoking as a coping mechanism,male,71a0aa22-d111-43b7-8484-43d87310bc42,0440f76b1bae1625f48a0137a0d00ab5a811cf1295a33196ee42bf5947fadb57
30,femi-the-badguy,femi-the-badguy,femi is the biggest guy in lagos and he has served plenty babes breakfast,male,e493e3fb-a8a0-455a-854f-0f6474bbc69f,f71601cd6c2e836e260f719fab21bb5d0466e3bc9c16f22174b39a9edf2287e6
31,sinzu-money,sinzu-money,sinzu loves spending money on flashy things,male,942f8347-9932-4331-bd15-d0f3a048b54f,69909a103fe2c2dcca1d28eaf3bd707a0775512eddfccf6a3a94975056aba2f2
32,obinna-the-palmwine tapper,obinna-the-palmwine tapper,obinna taps palmwine for a living,male,0f1af056-2548-4407-bed4-abc11deae05d,09ef52a3702f738562da225e1df49890c3579c9a03430efc922ecbc524ee473c
33,aminu-maikudi,aminu-maikudi,aminu is a wealthy man from a family with generational wealth. His exquisite taste shows it,male,0129e7a5-e3d0-4675-92d0-1a1e55d11612,ab4673e49d16ad4fda29277bf86361bb67585ba9fb338007ae921ce3c5c549af
34,sabinus-the-town crier,sabinus-the-town crier,sabinus delivers messages to his town people,male,01d4ce96-818e-44b1-8813-68a7d34b35ba,1625fac8f49807bfb56f89454ca496a9fb19f2cab6d045228cdc643b4d3d4f60
35,adisa-ibadan,adisa-ibadan,"adisa the greatest man in the whole town of ibadan, is authority can never be questioned",male,3a925f27-35f6-4dbf-9960-c6527fae5f3e,5533652b9864ffd383f33881c1841e8b5e20933991307e4ea90f5ee91a558753
36,linda-the-navigator,linda-the-navigator,linda knows how to make a way for herself and people around her,female,71f335a6-5a4f-4410-9cea-179336f0e498,d8d35d1c82a092448abdf3a3ce915cad3941dfdf2b8e481913c31e11bd8c582d
37,kemi-the-iron lady,kemi-the-iron lady,kemi the strongest woman known to the town of  igbede people,female,35b11a31-5b92-49f4-8fb1-30f255d22054,d189aedfea5a0dc81502347f6ff43a3fb45ed341cd75195a4f9abee06bb215ee
38,mercy-the-sassy lady,mercy-the-sassy lady,mercy only care about spending her father's money and treats people like trash,female,7a3c70ac-927f-4a63-a3df-ab86dd27cd0f,c404ab93a9de471ffaaa4aabb9add52e2a1453623b0ff299128a8aaa6c3945d8
39,sandra-money,sandra-money,sandra likes getting and spending money,female,1bd95fb0-7b2e-4354-bebd-22f9cf70a1ca,c911460643fdf5b21c8efdc94fa09e56ea5424fcaa8d68452d8edece299b0e3f
40,bimpe-the-fashionista,bimpe-the-fashionista,bimpe loves wearing trendy clothes and looking gorgeous,female,92b548b7-998b-46b6-8198-80d407209483,dd3d1f1f0b594a79702cf456b27a41bc89108f9bb0b9e722b0ff3b62e58b55d4
TEAM ENGINE,,,,,,5503fcc69c5bc2b307715d121bffb2abdb1b3605b23db39d087db50cf62c2598
41,kim-rich-aunty,kim-rich-aunty,she loves spoiling her nieces and nephew,Female,3344a73c-f15e-4afd-a1b2-3199e27eb08f,0da47d39b2e6f31fb31e95ae00ca3f27c808c1532ea7d13f7d37e042bd03d168
42,barbra-vampire-bc,barbra-vampire-bc,she loves drinking the blood of her victims,Female,4f31fd99-4918-42a9-a112-fa60ef36d5c6,ea35de9d4dfb6dd8b731ef7062e46ed19617497eaeb4a4fb5eb1e6d1a0dfbfda
43,jean-art-dolger,jean-art-dolger,loves collecting art for charity ,Female,5e1105d9-e485-462d-a5bf-1eb931976b13,3dbfadd8e5779a91893f7b31b4e65c97e945d3c4b675be48912639db98527b61
44,flora-burger- eater,flora-burger- eater,she loves eating burgers,Female,054dffd1-cdff-417b-b6c2-a679dabd087b,20ede47983c2ab6ca2cddc7418fc83714369c25305b82a95f7e9542d1c16f211
45,jessie-lord-rings,jessie-lord-rings,she seeks her 'precious',Female,caacabe1-0abc-43af-92e2-2231248bff93,abf7ec243d927b9e82e4e313388a09dcddafbe3cc1d1c549174441a8c00e4a07
46,pinky-monky-ponk,pinky-monky-ponk,she love to dance the honky tonk,Female,bd6a4b38-543e-40fa-9153-f7e1a947ebb1,1ac419b630cac88f63ab44514b7b0fe3c068d0cc8c63fee6fff722bc50f298fc
47,wanjiru-hippie-glitter,wanjiru-hippie-glitter,a hippie that loves her glitters,Female,683f0d27-3cb4-4948-b1b5-09f10bee575a,0165261b83a0a5347c939faa2397d8c6bcfe1c6e59b0339190ac44392bf96011
48,njoki-binary-coder,njoki-binary-coder,she codes with the best and tops the set,Female,9b59bdb4-0c6c-4107-9d72-6d38d308edb4,49ed13b7a18dfa58793b95e1c492966f0358c599ec7f92a17ea787e131757e24
49,wangu-calaba-hustler,wangu-calaba-hustler,she's a mean hustler so be careful,Female,67f7da93-3925-4def-b660-58f558c14a19,97db3febb9e1506b5c756f70cb006d4f0377ffa716095bc14a6c9ea663a9723b
50,lulu-dey-kpako,lulu-dey-kpako,she's as skinny as she is beautiful,Female,23b6c38f-ab84-4565-bfe9-d9eb019c9f29,201492f1c227b2f1bb9660c8ea7fcc630f79c50d0209d52dfe830b58c18a0a3b
51,kiki-cala-flier,kiki-cala-flier,she flies first class and gets the best deals,Female,d24aefff-c9fc-4ea9-a7cf-1b741076c822,c6ab24268423993a713cd2acb375eb5eeb02d819522c64b2f81c8d85baa6d4e4
52,purity-nft -investor,purity-nft -investor,she is an angel investor looking for the next big thing,Female,ee86ef77-4793-411a-88d3-ea54d84f6b24,892d9b4f240f21a7dc9a7097d0bc03775ddd0e069572b078784528b0d3ecf1d4
53,june-binary-monk,june-binary-monk,she has a twin thats from Tibet ,Female,102c4cdb-f812-44fd-bf47-5065284c6075,bc24b819d577817e1e1bd8d70187c06d0eb0fd3115fcb942c107bb534ae42ff9
54,aisha-crows-damsel,aisha-crows-damsel,she is always a damsel in distress,Female,c4071af3-b49e-4ad6-898b-7828f90465fb,991b09ccc529335306f4f20a74be622b6bf64c0ce990081db4482c8b89b425b5
55,bobo-crypto-lovely,bobo-crypto-lovely,she is a crpto guru you can trust all through,Female,427ea0f5-30a3-4d70-a5bd-a6106409b83c,a2a64c4597039a6e081c7ef43f6f36f57541fd178a8fa6368aa37dea234e5018
56,nell-light -embrace,nell-light -embrace,she is an empath; ready with a kind word or hug,Female,9dfe30b4-c71a-471c-8091-f5c4a238eed8,4137b7c9e3611e19ffe5c69515941fc24acb7e281c4d1ade59f589c35a134056
57,rachel-mood-silent,rachel-mood-silent,"introvert  to the core, a mysterious lady",Female,11450acd-f0d7-406f-bc18-bdb680404845,280bc8710fb914d3cbb43cca869cf3af07c856e436f37c1928ea80c42386128a
58,nana-reflector-agent,nana-reflector-agent,she loves her chrome fashion stye,Female,63bda633-bfca-4b28-823f-7772936b4103,61636873920d9a30cb8124c68861905ea4db0bb7abe973e5f27e2b2cdaf3c15b
59,bree-busy-gossip,bree-busy-gossip,"never wisper your secrets to her, except you want the world to know",Female,4f5898d9-fc99-4053-a56c-b2ec1ef41347,e4c4f3ef941a9bdadfbe544fdbd555394c6d8a1af0072618eb96642a89a094be
60,jude-shadow-fighter,jude-shadow-fighter,"a ninja warrior, the last samurai standing",Female,a47b2ed7-d4aa-4404-ac40-0ecea464cf3f,a7c059c72be92fd1304095bb5edd15148e8ab381a16f199a56012c675c56d892
,,,,,,1dbc2f4bcdc57f0ae1b2bb71306d5cd7dcaca386f54853e2d30e6bd9bb66267f
TEAM GRIT,,,,,,7596d5bcc791a8b8759130cd7d448cc99e503aa5e107e5d740257d04e51b4fd1
61,toy-soldier,toy-soldier,a man stronger than an army,male,fc8ea3ac-59d1-11ed-9b6a-0242ac120002,0e504b5297ec268221dbf596187e25d6c1e16cb7098a9ccc547902077e069444
62,pipey-rivers,pipey-rivers,a man who loves the water so much and fixes its path,male,58f69cae-59d1-11ed-9b6a-0242ac120002,50b9553f98d51030661c76475a19e518dcecf9bd291aabc9e7e9a511722ea2eb
63,phiri-of-zambia,phiri-of-zambia,an african woman with strength and beauty,female,24b537fa-59d3-11ed-9b6a-0242ac120002,ab180a3ce3cba62f6accc34e82103c8517c5a170a69d7764d6074692c0a73136
64,patrick-of-bikinibottom,patrick-of-bikinibottom,a white man who loves the African culture and associates with their dressing,male,064c7b84-59d3-11ed-9b6a-0242ac120002,ec1cf9a124b81f4d3aa182575484e894a8cd68bd22140d757c2052d3253441d5
65,nobuhle-of-zulu,nobuhle-of-zulu,a woman well endowed with beauty,female,1ee5b1ce-59d3-11ed-9b6a-0242ac120002,e2082d68d69ba6e825a6cfe0ecefde25547863d96610c16352e0330590b4f95c
66,nkosazana-of-xhosa,nkosazana-of-xhosa,an african princess always proud of her culture,female,2f1a1724-59d3-11ed-9b6a-0242ac120002,c12b31c431187aac36c375dc348124b3e7d271605f9c3f63568c1025200cbc15
67,mandla-of-zulu,mandla-of-zulu,a simple and an introvert who keeps to himself,male,d04553b2-59d7-11ed-9b6a-0242ac120002,d118522e3f49c93e706125338d122a4893fa163970d2c759209e14c0d88358aa
68,john-doe,john-doe,a principled guy who is conscious of his health and ensures protection from infection,male,5d19795e-59d2-11ed-9b6a-0242ac120002,00274c979a7d48086015a6cd3ebbf00554c4d30d4890d6276775b4bbd2b967e9
69,ghost-of-power,ghost-of-power,a woman stronger than ten men combined,female,29c764ca-59d3-11ed-9b6a-0242ac120002,656ff693c9a04a822c9d355890f16f26655a7319bec6874018f5e86aecd80e66
70,freida,freida,a man who is always peaceful,male,ee671c4a-59d2-11ed-9b6a-0242ac120002,8b061846359d6ab404b363d9734526d82da66b9c1f43ca6eb087af9a1ef66fd9
71,flamboyant-tree,flamboyant-tree,beautiful african woman,female,380e4990-59d3-11ed-9b6a-0242ac120002,2cb4a5343a7e6dd48588f7896370d40f12eb88d478a9f38dd1e8ff0ee39fff09
72,david-of-accra,david-of-accra,a combatant who fights and defends his people,male,1c1ef1b4-59d1-11ed-9b6a-0242ac120002,3f00b99dd5c82828e1d1bbe101ba2a0af3a1ad238ec40239cfe6af95c82365c1
73,cally-lily,cally-lily,a man who is a breath of fresh air,male,82bba87c-59d1-11ed-9b6a-0242ac120002,e7115addb52c7b8d2c5003ac230c87a85d98c0504f61c19e417acca1a13e8fb3
74,bubune-of-accra,bubune-of-accra,"a man with honor, always conscious of his health",male,faa4b530-59d2-11ed-9b6a-0242ac120002,e58c93bc1a33feec98af83dd976eca25d3ea6c4701766261a99ac8693babc258
75,bediako-of-accra,bediako-of-accra,a strong man always ready to fight for what is right,male,fb6e8222-59d0-11ed-9b6a-0242ac120002,3cbb0a7a01f16b004ff4af81145a355c7b1a2137f64b133f1d776e7eb7e278c0
76,avatar-aang,avatar-aang,a man who is ready to save the world,male,169f93a0-59d2-11ed-9b6a-0242ac120002,3b54c0a18ff454a38004ce25cd9a218f7c465500128b427eb256aafe7e02869b
77,argus-greek,argus-greek,a man who you will always find on the look out ,male,e7f26b26-59d2-11ed-9b6a-0242ac120002,d111e63ceeea38a1d3cdc1d66f2a4f051e91f1008bd044af264727169b695e84
78,amahle-of-zulu,amahle-of-zulu,"A traditional man, feeling fulfilled",male,169f93a0-59d2-11ed-9b6a-0242ac120002,a8c3742e167544e8cf3ec06ab30df9f44e2c0bd92e1ab12fc5dca7b60943efa5
79,agnar-ole,agnar-ole,a man who feels like an outcast and always has a battle with his mind,male,f3f11fd0-59d2-11ed-9b6a-0242ac120002,57439c8ada76bf6c6692f64d429f275ee1cbebc8580df71b7f9a5db7a86c3acf
80,adom-kulu,adom-kulu,"a Ghanaian model, proud of his culture",male,00f6589e-59d3-11ed-9b6a-0242ac120002,1bed76eba2ee5b53883e62b2b3d15992f120b96be1b6429c05fc77d7d34e263d
,,,,,,ab2877d40fb6dc39b478a3a0d209c4a8153f4c63d55daad440dd1d4bd2bba4f7
TEAM PRYBAR,,,,,,5b8df01cb5cd36eb282817902645e57c48061ea9c4739d1fc9fd6785ecc549f4
81,segun-baller,segun-baller,a man who loves to party hard,,58ac5cf6-b644-41c6-af79-ec9aa5f6bdd1,4f3f80e26536ec2cbb565fb1b04e21af4d5514f991808a96bf53b655d298d01c
82,bolanle-pepper-dem,bolanle-pepper-dem,a money spender,,46966104-775b-4443-90bb-b35afd121653,9767aca33564c302855933604ba9ab4a33c9c24a15c6848d9316a623d652ef24
83,tayo-tailor,tayo-tailor,"a professional fashion designer, in quote",,70828783-ac38-48cf-b966-cfebc92ebd86,7a7237d4f687692ede1c003a61c864db911dc70b2ed24b100df42de63bc3a08a
84,ajasco-comedian,ajasco-comedian,he thinks he's funny but he's not,,8bebdb3a-f0a8-47ba-892f-39aa275fbd0d,e704cf450f478a890b2eee9e76685164c61a419a1c2c2575d114a43a84d5d483
85,tobi-babyboy,tobi-babyboy,he's currently in his babyboy era,,3da592d4-5dec-4bc5-8412-f1b2a0269f95,ec8628c33fa87d04897eff6b21c5b420d78e7165b6da9f14e0f013866cafc58a
86,esther-sassy,esther-sassy,her motto is everybody must collect,,0642a25a-966d-446f-b021-a6d18e7fa0c5,3412aefbb6bf0f87b10adc7e0b1476745302a62f821e1d16795b06ec93434b36
87,ozo-fineboi,ozo-fineboi,he's currently in his babyboy era,,fdb0a5b6-7367-48bb-bd6b-720ec8c15226,18fadc5257c71fea5f0afa85947fb9d17d1cee381711b95e746a3d46df6c9b8f
88,ade-party-girl,ade-party-girl,the life of every party,,7e3db30c-9faf-430d-ab48-b854fe0456b9,cdfad104a5dfd6c27a7ebc20908ad6d82e304e016b9a41916439e688768b2f5e
89,john-casco,john-casco,silent killer,,2eff88ef-5bc2-4779-917a-533e952e2953,4e7bc24515568d00700c1eb0417ff7fc0d8ee5f7f4ba61fbf4894245f0185444
90,agha-uwa,agha-uwa,"senior man, may back flips",,8478a002-1eba-4a05-8b98-7170c6e39254,84abd90ebec2bf8a6cf0a8516f022d5ecf266b223b6c6ae60c2c52c868562117
91,udeme-great,udeme-great,an alcoholic,,d1476409-6f8b-4be9-8c93-24d9123749c5,f884a3c44ac80214b0ed245f692401d71aee430f6af90cde7a36bf3a1871e6d1
92,femi-tech-bro,femi-tech-bro,"broke tech bro actually, no money",,ba3ec22a-13d5-4e19-9b7f-aac764fda28c,0e46fc146ab8577005b0dd53e17f08161fe79527a615dd8ee2558581ce2f14fc
93,sai-baba,sai-baba,bts leader of 3rd world,,fdfff369-5b57-4612-9f89-f5d408f24a35,76b8b1ad238d79ce099c77c80d60142b97b40f165450930e7611940085229804
94,omo-pastor,omo-pastor,a woman with the morals of a man,,49e09559-61a6-41ff-811a-272721a7475c,926bd137502d42fb028357a51785c958783e6867f1aa360a012e91a3e0165f4e
95,obi-container,obi-container,a rich man from the east,,4b64cf48-94fa-4aed-8cf2-452974b48ee3,997d2876a7643e0f64f6745b38cbc13b49c5f135cbb99d97e554b07b8796894c
96,erigga-international,erigga-international,Super star from south-south,,3ac39a5e-7b0c-4371-b0c8-7cb4b68aed2c,a06d72cc3ed8c31843d238f730f48b75f5689f8f84bc942dd026c31765adfd6a
97,ayo-web3-bro,ayo-web3-bro,no actual knowledge of basic computer principles,,c137ec2b-18cd-4c29-a194-af29ac9e6c1c,fbd2593a57859fe5449ee0ef20c417f25ce4150a70cc9676de2c6cf8ba56057a
98,phoebe-queen-bee,phoebe-queen-bee,"a self-centered woman, only thinks about herself",,1277e9c0-81dc-4747-89df-a9d2ae4fcf96,4106e50cda2ef197a50fca540b6a85d658fe753a4a7f87ff667c2b5e76d4ee4d
99,rachel-warri-babe,rachel-warri-babe,a woman who doesn't take nonsense,,19e6af3b-ef2d-46ba-ba05-59fb612ebbee,368536cd2d9e449b51e99b140524d7ad0b249dbde6d697f7e70ccdbca97832b0
100,adun-preacher,adun-preacher,a woman who preaches in buses,,cc4dfedf-c343-48db-ad67-e39452ec2380,731a09d889a11b13941cec9c9cc7e7f133e7c26ac4ec9082b254883c574bd89e
,,,,,,bebcb41c520fbb0a99d17be4b0811088b449aaaac7c923ae4c55b223457472bf
TEAM CHISEL,,,,,,2a473e9f0a588526a05a5fb98163cf0c57dd98034e3821afedc8f3d4fdaba964
101,adebola-omo-oba,adebola-omo-oba,Adebola loves soft life with her fathers wealth,female,fbf43611-f267-4cba-bf4b-a3ffdc122589,2a83f302c3e6e15c8d72098802e11385d6783429bb8be71eb0750c6d416f22a8
102,chichi-the-dancer,chichi-the-dancer,Chichi loves dancing and party,female,e7c32b06-7022-49b4-bbe5-81e8c1d58583,696e05e2945aba2bc16822d288c3b93911e7fe319e100c115b444a26746f26f7
103,hammed-the-farmer,hammed-the-farmer,Hammed owns a farm with his family,male,e57d8985-599e-49da-8d62-fc16b7ac93f2,a0718204665cef5396268d82c6dfb0b11c9f30986cd10a06470cb84bf7f05e5a
104,farida-the-tivlady,farida-the-tivlady,Farada is a traditional TIv woman,female,31d3e229-003e-43c8-ba82-38f49cf58ccb,4de2efa4c9344a1c4ca3328bc8f24b31fe781692dd73b84c449d80d890cae4c3
105,hannah-the-singer,hannah-the-singer,Hannah loves singing and belongs to choir,female,281f5bd7-5282-458b-9811-e369980e7dee,c63303495497e0eecd4031fdb63dbcd4636554aae2908c7db2172b1238adcbfc
106,nonso-the-igbogirl,nonso-the-igbogirl,Nonso is an Igbo girl that loves money,female,5cfa76df-8376-4505-af12-78af24f108d6,084dec4ac4625c81cf57b57ca839fe6d435e66745a80f2b9e1d6a1cf7712a115
107,shade-olori,shade-olori,Shade loves soft life and makeup,female,1a07ca73-d39b-43e9-a0f1-ef9f5e57d3a9,f32261a610a43065ceb84de82a03cc1a6b4eaabf18a4f98c2cc4bf4565863816
108,quadri-the-teacher,quadri-the-teacher,Quadri is a devoted teacher that teaches mathematics,male,d96a93e7-17a4-4efe-b09b-02185cc81ce8,e3ce00b7586f3c17effe456f0d973dfc990bdbde50bb51794172ab3be2d0c91c
109,Ifeanyi-the-dj,Ifeanyi-the-dj,Ifeanyi is a music dj that performs at events,male,030f665d-2cd7-4376-aef5-4030dad9f2d6,64857cc1b291c496f807fa43de72e9af601c4c21d48ca0c41859b89c521ebd3d
110,fayo-the-yorubademon,fayo-the-yorubademon,Fayo is a youruba demon that breaks hearts,male,e270e278-a9b5-408d-b527-d518239a997b,1ca47249c1ae1dd71f6f48e963016347c8bd8ce7dc537122f662b197987fbfcd
111,nkechi-the-actress,nkechi-the-actress,Nkechi is an internation actress that acts in hollywood,female,34b1136d-00b1-4f29-8a03-5b02291d47d5,9efae33de695260c03656de5a2c83b0f52bc25430446d57278e15d1bbb170350
112,hamzat-the-mallam,hamzat-the-mallam,Hamsat is a mallam that changes money,male,592eff9f-93b2-4452-a2ed-5d44ebc969db,0a1b1271e28da9f2c8cb56caf1ccad043dab3fc50f53ef35471052540acf1d92
113,nnena-pretty-girl,nnena-pretty-girl,Nnena is beautiful girl that loves to talk about her beauty,female,d9477612-ad63-408e-8d12-24679c647b32,831d3e2be11a0b7edb6670a0c39be48e735886334c4de5a752bfe2aecca609b5
114,tunde-the-boss,tunde-the-boss,Tunde is a boss that orders her helps around,male,7635c4ee-04f6-4872-bfc9-37e5a73c8fc6,cc60f735314db7d658796c0ade0c0a0f98a74840ac49aab48e3e901349057cb9
115,nnamdi-the-barber,nnamdi-the-barber,Nnamdi is a baber that does celebrity haircuts,male,152758f3-9414-45a2-a809-95cb05a3de13,b12a6ea7062b9df088986ac19b7a381f0685ac24ac3d0bc3137120dd35581daa
116,amaka-the-hypepriestess,amaka-the-hypepriestess,Amaka is a very hyper that she hypes in the clubs,female,c7726e84-3c5c-4e66-8677-cbfb5c9ee850,732b522d1947c823524a6d69d89ec62b77fb84e5317ba47f6e68a69a071820db
117,kemi-foodie,kemi-foodie,Kemi loves food but cannot cook,female,3116cb6f-14c4-4d5a-af57-54253b72a309,218395a06a26001fa800734f3b2ae96e7acb23c50f4482f67c4b6a8d9503b30c
118,ada-the-fashionister,ada-the-fashionister,Ada loves fashion that she rarely repeats cloths,female,a14df1c1-7a5a-4a33-8780-0fb01c593da6,e68990ac9645b0e3769087227a02d404d01787b0a6fa7cca1881052610b70765
119,kayode-the-baller,kayode-the-baller,Kayode loves life and lives it,male,fe17bfdc-c251-4654-8313-1ab793e11748,2cc6d24ce5cad7c015f1a6b9b525cf8239525a29a07b033efec3c734bf1e3a85
120,kola-of-lagos,kola-of-lagos,Kola is the life of the party everywhere he is,male,df295be1-1509-406e-a263-28a5dee0abca,8ee1aa9b1bcb656e7b7c0f05763ac9b2011e034fa807315c95e1e19bb444a925
,,,,,,576d3a9a93bc8c6d26f590680b451c50c50d5221a072726e1400f9578a6d8566
TEAM BRAINBOX,,,,,,d54dcd509180161392c5b08b05b9073ab1777953d3a74b6d03775e31c2a30740
121,azikiwe-popular-trader,azikiwe-popular-trader,Azikiwe is a popular trader,Male,7ebde325-8efc-4997-811a-b5686269929e,cb38c0a7d84a96c1f3d9a52078aa1478791bf9a0a555d98bdc5360c3aa0e803f
122,obasanjo-funny-guy,obasanjo-funny-guy,Obasanjo is so hilarious ,Male,c136a120-a339-4080-96ca-1c93845c5848,f4fce45630f70e820615b373eed137f4e1c0a93d2110615a69476d5870510b3b
123,yakubu-village-chief,yakubu-village-chief,Yakubu is the village chieftain,Male,5b0c0d26-d204-4264-b579-081ff9df935b,5eb383cd2e6480e4afa3f4fab33b754ec6fa1ee718b9337fdbac3bda17b1ef79
124,abacha-loves-smoking,abacha-loves-smoking,Abacha loves taking pipe,Male,8ac6d95f-0cf3-4f54-9cf2-be8834b3004c,df42c4ce46e29ca23fedf15eb05678970cebe5b9bfe1dd3cac752158aabb925a
125,johnathan-good-leader,johnathan-good-leader,A very progressive young man with positivity ,Male,241e3713-4ce3-48d0-827f-b282ae2db6c4,0fb1bd8f22fee78f9787f32c62bd30600cdb8052e861c5173d28aac698c489d3
126,johnathan-genz-kid,johnathan-genz-kid,"A child of the moment , all fun and cruise ",Male,90c0ae09-a35f-42ad-b93c-dcf30169acd9,2277578597091da7e0e70e56f3056b2fbbe2f431451ac2f91bf5a1e9a12d7802
127,eddy-the-community,eddy-the-community,Man of the people ,Male,5cabf9d9-882b-459e-9253-8c07eb045e2d,1b10fd2cfb5cfa418edb8e7059351e4719e9e7d230ae679ee8b32000c251dae9
128,olu-the-oba,olu-the-oba,The oba of Ofuk kingdom ,Male,04c4b28a-aca0-44b1-a064-ed0d9d2a31ca,2c3d86bf6761b013669ee0099acac8f13671a5b88df473dadf8269bb86305388
129,edu-the-biggest-trader,edu-the-biggest-trader,The biggest merchant in west coast ,Male,48d1de5f-5f3f-46aa-b2fd-68420a8e802b,039a1a4a512c1fd05dd96bfa30d1ca510c20ebda41603a46d8ae12321f55dca6
130,james-importer-and-exporter,james-importer-and-exporter,Sole importer and exporter of spare parts in Africa ,Male,22541251-022f-480c-8c1e-cf754dce16d6,c30a748e8deeac73da078296416feffb2c42d6b1a4bf3112713a62c7d8283c22
131,lanre-the-dreaded-guy,lanre-the-dreaded-guy,The wayward tout,Male,66a054cd-5541-4000-98aa-8f2e9892d880,8a3225c5625991f8b4e7e20347ab3b67195955207a6140a059369c18765d6afa
132,olamide-the-street-boy,olamide-the-street-boy,Friendly street gang,Male,d50a35b1-b42e-4e0c-8dd8-9b892b56d371,3458bfa40eacb467ec58cac2045fc532f05b61e1b3dd99988b2683724f785a48
133,uche-peace-loving-man,uche-peace-loving-man,A man of peace and discipline ,Male,6c9d6eae-2ea2-468c-a2c8-928aaafc084b,0dc14120386eee90db2b418b840d3d9d01d10693944eed9e755c6b53dccefac2
134,dave-the-tech-bro,dave-the-tech-bro,Dave the web3 geng,Male,c0857b11-bf0e-46a4-9108-b8eb93d83e74,cce84efccbbec13f36efad1a670a80f90b37a2f1d1d960161e43cc71b5b29642
135,obi-the-biggest-humanitarian,obi-the-biggest-humanitarian,The biggest helper during the pandemic ,Male,201a408c-7a2e-42d9-a62c-0136c885c211,50acff714ed00349c088bc59d131b795dbf1c6cecfde9e34391805ff7deb3e5c
136,precious-the-emotional-girl,precious-the-emotional-girl,Soft hearted and sensitive precious ,Female,b6a41ff1-51ce-42f7-9933-85d0a22ced68,847a419ac3a011c791a8338db2ae08948d783cc18cd7320cb4bcebf7c1ab21c4
137,ella-serious-minded,ella-serious-minded,Ella a dedicated young lady ,Female,04036447-f43e-4bfb-9503-f55c9064b14e,e06169174fc595fad83a0145223e71cd90428e44397281e720e9770baf566340
138,cynthia-cute-eyes,cynthia-cute-eyes,Cynthia with a priceless cute eyes,Female,5d12847b-6d71-4691-8337-2e6ef3e283b2,427ec2c3076024299f99e2f13a4cc41cad9f8c4bfa3c02be32df450b3ed0c92c
139,mary-with-hair,mary-with-hair,Mary with her beautiful Afro ,Female,98035e8b-6540-4464-8a3c-fdac9f07b168,5fc6918414b59f2546ee9a3bcbc3a9fba6a16cd426ee4ff4bf507dcbd78dd484
140,ada-chewing-bubble-gum,ada-chewing-bubble-gum,Ada always chewing gum,Female,15309dc5-e483-4658-b503-db85ba2c1722,383259f2ba5c5ac83bdbd1918948c3f9b2535b001e439e9c233afb6d04f6224d
,,,,,,cd6ef477fbba342b7abd82f9dbc644111e3b337281e2c0726ba29aab4880a9d9
TEAM PLUG,,,,,,68e7c3e028ada535209a77a4bdb5a812bf5c4d352f3b506bc03baf2cb5c5fbfa
141,viganem-the-drummer-girl,viganem-the-drummer-girl,she loves jumping a fence to play drums after school,female,5a5a6f5c-39f3-4beb-ab74-60d3c7a90fd4,976c8a7e8a75aec7197a6c1f3205be82b85ba2069beec9245c320c1763b8eb8f
142,lenusuka-the- big-woman,lenusuka-the- big-woman,The lady that loves spending money and buying everybody asaobi,female,e564a43a-ef77-487d-a88e-749d20a09fd8,f5860a217a6fc20776e4725541c7f3a5c78dc06925656f85d72544692b1a6703
143,enepua-the-clout-queen,enepua-the-clout-queen,The lady that travels all day and enjoys snapping food at restaurants,female,6dc7e452-0626-4f4c-a28c-f5db3532e305,249ea81fe6a946a0e608175eb67c3709985c4afb90c384450cdc93bbed70ccab
144,usifong-queen-of-mushin,usifong-queen-of-mushin,Changes her hair every 2 weeks and cannot finish one pure water,female,221263d0-8775-49f8-bbf8-4b08b49e1482,392c2cad2c89530cb514a4000a4500a4c1aac38c76266ba56fb037cd72d0a75f
145,akinyim-the-agbaya,akinyim-the-agbaya,Always playing with small childrens and mostly small girls,male,c1070dce-48a1-4ae8-b9a4-d070859a8377,9d8d6b9de16d4f75c4126a9b08370abb082de8541855ef7d5e2334eb77ee9257
146,zawadi-mr-sleep-everywhere,zawadi-mr-sleep-everywhere,Likes sleeping in the weirdest places especially in clubs,male,c22489fe-574b-47f3-9667-c9c798b2d4df,b939b3ee812afe1ab60ec5cc2aa5f15d162d14b2e7384c041b5e3cf4346ddfc6
147,chepkirui-mr-self-love,chepkirui-mr-self-love,Likes taking care of himself and spending on himself,male,1a91e778-d214-476b-a667-94e9ecb8b5ce,d5a825e575c1384da7d7db80a4a8d364562da648669848fdca6e2c587dfd9818
148,naserian-mr-fear-fear,naserian-mr-fear-fear,Has never slept with anyone and can not kill cockroach,male,8177cf38-8284-4eb4-b19c-04473bcb3b5e,ab40eb281769f71ea811e4e2bdd44ffdba4d1d7b72232dcf72842421be304bd4
149,wawuda-the-ashawo-of-africa,wawuda-the-ashawo-of-africa,Brags about his body count and follows skirt anywhere,male,0554bf35-f588-4009-aafc-ef875b878c29,ba56041e99ae015f9503e976fa5d778baeee2e1025a323220e4449bad2e2c4cc
150,kerubo-the-igbo-smoker,kerubo-the-igbo-smoker,Loves only his igbo and is happy when he finds an old blunt,male,33ba8e73-7949-4bc7-ba27-37ee1d573946,225b9115a479a64f4d2d80ddec95c6d9c674a009beb9fb6f2db82456f391d3e4
151,rehema-the- olodo,rehema-the- olodo,Failed primary 5 eight times and like playing football after school,male,1fb33783-4898-48cf-8a73-f81afc71e1a8,135f8dca8fb066375e189a4d6254b18c3388d841fb9a75edd0fd652b940c7186
152,nekesa-the-brainbox,nekesa-the-brainbox,A proposed elite who cannot write a simple speech,,7ba909bd-19a1-454d-a86c-a45e85cb94a6,a6da065e6889be2fd620102d3ebdae5600b074e5da830d0815fd48123231c137
153,kiokoli-the-slowrunner,kiokoli-the-slowrunner,Always running in every race but never making it to the first 5,,d7027b6c-ae53-4cce-b80d-67aeb7ceb1ba,0fc0fbc0d2a697dd5ef8c142442d2c6d7518c63f903546f63eeb6e8e8779f4e1
154,adjuani-uncle-wire-wire,adjuani-uncle-wire-wire,Mugu money spender that loves spending on women extravagantly,,36cd959f-d280-41f6-af76-765715c72527,9324a9c1d3c21de98fbb84ce4e978aad75d3177b28f826f614517e6ebe8e6596
155,ajobaru-a-serial-killer,ajobaru-a-serial-killer,High end assasin who cannot survive a day without sex,,9d262f55-73d7-4b95-9a82-42356dbb085c,5c20de4114f7ef02dee23fe4ea4536fe9f27aa86a43f95c6a608d640e9c4a0b6
156,effiadem-the-fireman,effiadem-the-fireman,A retired military general who always loves shooting at sight,,a4534fe0-b5ed-41ab-af72-1f2d0ff0fc64,2a2e5089095ebc14be8a31951a2a2344989de3ad1fed772ddd62afcef1001ac5
157,deladem-the-commandoo,deladem-the-commandoo,The nerd who has watched all war movies but cannot fight a kid,,88106b92-da30-46ad-a3cc-d528683b9e33,4f72d41a0613c8461e8919e8a272d98a73c1a8f9cc280f344eba04a691cb7fb3
158,dogbeda-the-monger,dogbeda-the-monger,A fisherman who pracitically live in the river,,66a09968-cb92-4378-a588-49947f68c537,23c75cb5a1995e9c1c730bd5f30f95606114790d8e822c774d5d34406c47fc5b
159,enyonyam-our-slay-mama,enyonyam-our-slay-mama,Posts new pictures everyday and can snub for africa,,5e7c7f9d-d631-4759-9b27-cbaccd33d39f,2d0eb98a5881227081dd09662971a747842fd46acd56a7629d113991434e1dc4
160,lumusi-pro-technician,lumusi-pro-technician,The electrician well known for wiring burnt buildings,,b07676a6-c611-410d-8426-46c9c525189a,deadc82dac48e2ae54ae2097b0d593424449693d9f379b057e7cc2bfbb2d18bd
,,,,,,a87773d3898c4b0a7cd9ccdb386c05902ca52b4899d6e3024a421b2e74a4e275
TEAM HEADLIGHT,,,,,,8ccf8db24afd299d8004c9b934bc2e0ceb6148ed55e34cfe93dde1217ab74f89
161,funmi-the-fashionist,funmi-the-fashionist,funmi enjoys fashion and she always takes opportunity to showcase her wardrobe,Female,4f9d99a4-78a2-4fdd-bc30-b027600fa88e,367c833070b66b3893e59bb8b3c2bddbfe6784cc817f346f10ecc302cbde98fd
162,bola-the-funky,bola-the-funky,Bola is a funky fellow but she has another personality no one knows,Female,ac721b71-cbc5-425c-851f-ee826973f0b9,617da2d1e2d7a350bb9bd6b4427c51d514c1adbedfc400ff59a1e3a430a1e4eb
163,bimpe-the-runzgirl,bimpe-the-runzgirl,"be careful with bimpe, she can run you strong thing",Female,eaa7662f-6926-468a-9add-e791916ae42b,9d6560f2f8915d88ca0c10976697aa3cd2a03056b1e22514e448c78315b781a7
164,sola-the-queen,sola-the-queen,sola is a princess. she's got the mind of a queen,Female,d5f23ad3-832a-4d3e-814e-e23f466d18a4,71c94288df48d00fd28e0bfbcecdc69686ee608ff46f71873a00c72f11ac578e
165,temi-afro-girl,temi-afro-girl,"temi is know for her funny haircut. this time, afro is up",Female,4f9d99a4-78a2-4fdd-bc30-b027600fa88e,ffd4828a0ce21e2ddb0a67ed971b8a200f4000a3662145f311c1f2d433ea32c3
166,jonny-the-bravo,jonny-the-bravo,jonny is our local police. he breaks boys free,Male,2b345988-b4b0-453b-ad39-efe1321bc8f1,76bf43dd01b25a9004af53e81a650f68bdf44ec2c6d019229736071b4fbebf0c
167,tunde-the-bigman,tunde-the-bigman,tunde is the big man on the street. flamboyant life style is his identity,Male,56db423e-8b09-453e-b5fc-61f4da9d7a6f,9cf4e65f95dea621df747414629184528b9e16d0648cc3fb5d8ae66b2c6e4f12
168,joe-the-plain,joe-the-plain,plain and simple. no one in town is more gentle that broda joe,Male,7a3083bd-5aa2-48b5-a30b-4445cc060f57,63f62c0a7ab7bcd81097580ca22463abec5df73ca5eeb0d234b760c8b59928ec
169,wale-sharp-guy,wale-sharp-guy,wale no de carry last. the thinks and act fast,Male,44906ea0-901b-4b3d-802f-f73acc8758f6,25cfc5109d65a11e4265fc6bad65d732638e5f24f4476757cfcd049347748bfd
170,dele-the-snoozer,dele-the-snoozer,"if sleeping were to be a job. dele will be the world busiest man. set a bed in a fury furnace for dele, he'll sleep.",Male,4f9d99a4-78a2-4fdd-bc30-b027600fa88e,d796d20641593ff4d884c313b82a39a5f7409d9d049fc894f0837a164fe07618
171,father -of -tolu,father -of -tolu,baba tolu is a proud father. he will sell his soul just to see tolu excel in life,Male,a2651258-ca3f-4940-b095-3a61ff630263,effac8f6dc0a22b0cc42b3434ad7f0bd8bedb0fee922da000df33c802203ad38
172,emeka-the-chief,emeka-the-chief,chief emeka is the pillar of the community. just and fair to all. the real mazi,Male,de25fd63-dafd-4f77-8072-7ac0ae3a3ab2,91f38a6a0c50d3ca9080b28ee3ed23b4e94ea4fdb60843cac59b69edd42e414a
173,lawal-the-drooler,lawal-the-drooler,"lawal has only 2 business, alcoholism and alcoholism. it's only normal for him to drool afterll",Male,806b640f-1c8b-4cc0-aa10-45f3ddc00140,020292759e6787e2dd263548052d3cb9d5f95d6f54996595b5874281c6795af6
174,solo-the-messenger,solo-the-messenger,"solo is a multitasker. you need anything done in your home, solo is your guy",Male,44906ea0-901b-4b3d-802f-f73acc8758f6,4747958fe5e1b3c3a24d43b8fea3ca9bced811d3c49b60f6eddcc8cf726cbdbc
175,femi-the-honorable,femi-the-honorable,honorable femi is the modern day politician. everything he does is only to further his political career,Male,af53bf52-b517-4347-adc6-07cf30c19025,8906174b245a4b03e3bf179d84f8888e564c79ea55f70791270d36515f69ecbc
176,friday-the-bigsboy,friday-the-bigsboy,friday always live up to his name. every friday is for the party.,Male,05ec3aae-7da8-4125-93fb-6fc544e5bc61,94f46538269815d72e54fcfae7eefb1ad881c3f0203b77521257a3ad18bfdf34
177,kweku-the-planter,kweku-the-planter,kweku says he did it. kweku dey plant Igbo until he was bursted,Male,af53bf52-b517-4347-adc6-07cf30c19025,abf68c0e8793b4c7a10a3c2c332ecf51d7cf125a1eac61d5a568c44fcf54cca2
178,2pac-the-remix,2pac-the-remix,2pac is alive in him. his style is exactly the same. upcoming artist,Male,9993e5ec-2f31-485c-9c6d-f780c078ae56,a0e68f7a46b429f20aafe555f8914f176509601d04ddfba3b86d1b64be11c6ed
179,tope-the-influencer,tope-the-influencer,tope is a famous influencer. loved by his followers which keep growing everyday,Female,3b3e1f66-922b-4f87-8cdb-0d09fc143182,c9e2df5eb88860cca2cf6bc5fbe4ff04b55a95a01818fd4eff87258ec5a5351a
180,gabby-the-evangelist,gabby-the-evangelist,"evangelist Gabby, blending gospel with comedy. he's going places",Male,ac721b71-cbc5-425c-851f-ee826973f0b9,b3bbe77e034e083e4aa57405f8274ff8bd357df98226da8e45c502bea8464fb2
,,,,,,280faa4b802d4b330d6c44d753c425e14428dcda78f784fc13af5e5d4c11cc88
TEAM CRANKSHAFT,,,,,,913a6cdc78fcdbc1a0e6f22ed8bb10b8f8c7639d17ffdbec1db46f77c1dc48be
181,beauty-of-town,beauty-of-town,She is the most beautiful in the neighbourhood,Female,7241a1be-59da-11ed-9b6a-0242ac120002,11fd5d5533bb028fd7cb653f4096a1bace636f5fc14887431bb7a13026204047
182,lola-babe,lola-babe,Looking hot as always,Female,7241a664-59da-11ed-9b6a-0242ac120002,6ca7b2a98b6eeff6f764bf5e763114cef7d866b9c42e6cd32609dd8e5b35c710
183,cardy_h-sharp-babe,cardy_h-sharp-babe,Cardy is the sharpest amongst her friends,Female,7241a7c2-59da-11ed-9b6a-0242ac120002,b4754122f731a7137878a5b4601168867d429aff6c4a2134a2bc7d45dd398968
184,bella-the-baller,bella-the-baller,Baller for Life,Female,7241ad26-59da-11ed-9b6a-0242ac120002,f18048ccabf837ef96f19ffcbad136e58020d334b331d01bb816e7314557186c
185,milly-of-roses,milly-of-roses,Her lips so red like a rose,Female,7241af92-59da-11ed-9b6a-0242ac120002,833413b671caffcb75ec6575688cdb6462887d7e51cf7e6f555a199e50d3531c
186,Preciousjada-the-viper,Preciousjada-the-viper,Her words stings likes a viper,Female,7241b12c-59da-11ed-9b6a-0242ac120002,d502522a445919f5914cc3bfebd5f33f5d6db0396cce00d73f2590ade2285394
187,lolly-of-NY,lolly-of-NY,Most popular in NY,Female,7241b2ee-59da-11ed-9b6a-0242ac120002,055a43e4f64eb827fb2c11706213da7e9fa30970ec2468fa1e114b59ab3e13c6
188,Disy-the-dancer,Disy-the-dancer,Dances her way into any show,Female,7241b4c4-59da-11ed-9b6a-0242ac120002,352ac97c98bbf1ee7d6f56b6cdf9a8318c742c60899213477aa3877508f8afcf
189,Jenny-the-great,Jenny-the-great,The greatest of our time,Female,7241b852-59da-11ed-9b6a-0242ac120002,34e6bb10ad320dd8773dfc24827d17d9060f38329b8e35a7e7817b18be373618
190,lolly-the-pop,lolly-the-pop,Seeing lolly makes me pop,Female,7241ba00-59da-11ed-9b6a-0242ac120002,46da7227d17b5df51a2f02643a20361b664b83939197dd54bf6e89dfa77993cd
191,disy-the-queen,disy-the-queen,The queen in her own space,Female,7241bda2-59da-11ed-9b6a-0242ac120002,99c28b1544e1c658fce9e8e2d1910d968d9671cf331dfc4aa57878d684f8ab00
192,JennyP-of-Lagos,JennyP-of-Lagos,A well known celebrity in Lagos,Female,7241bf1e-59da-11ed-9b6a-0242ac120002,87f9ac9ad412c22e9fd957d45e86e225658bb15e14ec7522cb0e1610f0baab7f
193,Jada-of-life,Jada-of-life,Her business signature,Female,7241c202-59da-11ed-9b6a-0242ac120002,cbb792ba4cca69b9d3f9be5cda0803b09070f7f0acdcd31000e4808e2eb7ed66
194,Sandy-the-rapper,Sandy-the-rapper,She just loves to rap,Female,7241c342-59da-11ed-9b6a-0242ac120002,3e330039d81ce88bbbf516dd897dd90c21ff37d16d97b769294ad72211189da2
195,Dahila-the-genius,Dahila-the-genius,The genius in the family,Female,7241c4fa-59da-11ed-9b6a-0242ac120002,92698b1ae7d38ce8d507d005eb78518bf3ad1890acbde60e835539568eec3030
196,Rosemary-of-Yaba,Rosemary-of-Yaba,She has a cloth store in Yaba,Female,7241c61c-59da-11ed-9b6a-0242ac120002,ab59a8a5ade62cf1ee772783eb05e371d7330f45544eb0211f9bd1c2e8a7b9f0
197,Jennifer-of -island,Jennifer-of -island,She goes on vacation to the island,Female,7241ca18-59da-11ed-9b6a-0242ac120002,717d86fe5a29f46253dcd1e2d113e5293c680fbcc1fbd94fafcc334cf038cd5d
198,Opeyemi-of-lekki,Opeyemi-of-lekki,Opeyemi lives in lekki,Female,7241c8e2-59da-11ed-9b6a-0242ac120002,ec9d1889cefc9e799457e49f91b622090b8340d38048de0765de354dc35cb2b0
199,Vicky-the-artist,Vicky-the-artist,Brings life into what she draws,Female,7241cb3a-59da-11ed-9b6a-0242ac120002,53e8e62679dc9336821d528be0dd1427dc2ffe51cc4c9eae3c1111f40ea302bb
200,Afrogirl-sailor,Afrogirl-sailor,She loves to sail the ocean,Female,7241cc66-59da-11ed-9b6a-0242ac120002,f16382182a8039762231cacef91b9eb5a77c43ea00df5c4f3396e530232d9183
,,,,,,38a6b6198d38941789806c5bbf2571dbdd3a2337492ac0e8dc18cd7dba945371
TEAM GEAR,,,,,,6a6597527b4ed90fee617055e72bf8011ad4357fbf94e63546ffdfab26fb4546
201,Ahmed-the-merchant,Ahmed-the-merchant,A rich merchant that sells in babylon,male,bfb62844-59ca-11ed-9b6a-0242ac120002,f70179710c04eb589a36af4bbc4f459251f08acbda4fa66f869a6fa39efef625
202,Blind-Tonia,Blind-Tonia,A girl that lost one of her eyes in a street fight,female,bfb62c86-59ca-11ed-9b6a-0242ac120002,e907e1d59316ba7a5cae4528a9e76646263e38258ff92627f9ae59cd2e579b1c
203,Buffy-the-vampire,Buffy-the-vampire,A vampire diary protagonist that got bitten by a vampire in real life,female,bfb62e02-59ca-11ed-9b6a-0242ac120002,76d92460e9b140d009f1cf3029f4e07792b1dca45fec0bfa65faa16be1b6cc1a
204,Caro-lipstick,Caro-lipstick,"A girl that puts on lipstick always, even to bed",female,bfb62f4c-59ca-11ed-9b6a-0242ac120002,18dc190c102d18bfb76397019990041037b275fa54f79df9b9e6516fd92a6045
205,Charity-the-maid,Charity-the-maid,A maid that works for the fun of it,female,bfb63096-59ca-11ed-9b6a-0242ac120002,5f6b6fe3f40433d7adb82ef0b4f54ffcddb1eed3e6411264be7b6052123d78fd
206,Charity-with-fakehair,Charity-with-fakehair,A girl with a bald hair but always wears wig to cover her head,female,bfb631c2-59ca-11ed-9b6a-0242ac120002,303fc2cc4a80531ce0ec43cd0c110ccc50fefc07688e96f2dc5dadc6e2423820
207,Daniel-the-hustler,Daniel-the-hustler,A boy that lives in the streets of Lagos hustling everyday to make ends meet,male,bfb632e4-59ca-11ed-9b6a-0242ac120002,454581fc3747c7814e304cdbb43784a3f522ecec98af7fcf059aef9107fd13ee
208,Grandma-Nanny,Grandma-Nanny,A grandmother that does nothing but sleeps all day,female,bfb63406-59ca-11ed-9b6a-0242ac120002,8a6243bbffa40ba952ee8789f584fe9e636b90c32fd88a9920f1c1ad37f537b8
209,Granpa-Willy,Granpa-Willy,,male,bfb6380c-59ca-11ed-9b6a-0242ac120002,9f345a01df1947cd59823699e44286a0c2f014aa8072f5b789848fcf9fa5ce5e
210,Joshua-gang-leader,Joshua-gang-leader,,male,bfb63956-59ca-11ed-9b6a-0242ac120002,4ef088bd3e4994426275b3439ae62e6bd8945c9762b2e9c28f65b1c88c6a68e6
211,Karashika-queen,Karashika-queen,,female,bfb63a8c-59ca-11ed-9b6a-0242ac120002,de4f176a59d9bc8fc4b617a1ae7985f2ec68fca90534eff4859e8fdc9b951a41
212,King-of-baldmen,King-of-baldmen,,male,bfb63c62-59ca-11ed-9b6a-0242ac120002,88828a4ad9630ebd24374a82f9fc0f20b5426f816c3706cdb007db6b7c3aa976
213,Musa-masked-mouth,Musa-masked-mouth,,male,bfb63db6-59ca-11ed-9b6a-0242ac120002,e73221d903ae8fcea65774cc824426c2ff893e068651a05723a329dd59f064e1
214,Queen-of-smokers,Queen-of-smokers,,female,bfb63ee2-59ca-11ed-9b6a-0242ac120002,9dea8b88958106f87ff6ac5a91258c9be8fb0e7b3423f2d2d37c371238899f9d
215,Redlips-man,Redlips-man,,male,bfb64004-59ca-11ed-9b6a-0242ac120002,15bf777242537409e4e31bcdd481541f794a4cfab758ca2e799dec7792262b7d
216,Sleevless-maid,Sleevless-maid,,female,bfb64338-59ca-11ed-9b6a-0242ac120002,2b89857f53526ff4bad23586b8e8b1d598ebe0895d2460e3c832dc12458e13e7
217,Stephen-bluecap,Stephen-bluecap,,male,bfb6446e-59ca-11ed-9b6a-0242ac120002,585103cccdc945452cb302a2749f7719c85774c38a375779d092f61bb0a742de
218,Tinubu-gateman,Tinubu-gateman,,male,bfb645a4-59ca-11ed-9b6a-0242ac120002,57ee97d5f2201920c9903d48ad86f6b2c5c4cd71ef75326f0b1c478b8e6f07ee
219,Vampire-girl,Vampire-girl,,female,bfb64752-59ca-11ed-9b6a-0242ac120002,39d4b7f0334e82776e30c320037e18e539456e0759aff8367ee6f244e26b2147
220,Yusuf-the-smoker,Yusuf-the-smoker,A chronic smoker with damaged lungs,male,bfb648d8-59ca-11ed-9b6a-0242ac120002,64505eb19d282bb09986dcf9f732691d537c1412c963a5457653290ce137b0ef
,,,,,,d8f0a846191320e046df62ceefaab23f3fdcbdf1f777531d52484edd12591755
TEAM TAPE,,,,,,c5db2f773c387bbdd59a37dea1f92afe1fd037f81857c8706312ddd6239f6b3d
221,hng-newbie,hng-newbie,A confused hng participant that cannot understand her project,Female,0ddbd22c-b3bb-4c72-9f51-0361480bbfa7,2c564736ce7105ff45af5fffc64228fdc10efc187c976b4f93d306c7de2a850c
222,nene-caroline,nene-caroline,A housewife that loves taking care of her family,Female,4ce5bcf3-d4ed-4277-8187-cb1797c1ac7e,3ca5e36a79a0b5cfb332182edd673e1cc10252cd0c26a5364eb50cdd1e895887
223,wazo-partystopper,wazo-partystopper,A Nigerian aunty that loves to attend owambe parties,Female,77237cce-bae0-4d60-adad-27055f0eed39,d321a4560935829ff846c49bfee221f60f396462b9367d0d0fdef71c870a5f30
224,melanin-janet,melanin-janet,A young lady with a soft personality,Female,a5a2854e-a850-4b15-b3c3-176a79b2d34b,ed16a41b7fcbdebe21cbdb538a4fc9519d07a6cbd14d714c3d01440aa68ace69
225,leo-sugarmummy,leo-sugarmummy,A middle age wild yankee returnee,Female,7ec03993-f500-4a41-aa3c-a73df7a0fbed,82c85a9dc87d26b118918bf50864b5da31a1851037c0e31bf0344fbe392c3fa6
226,novice-joane,novice-joane,A princess worried about finding true love,Female,a5d49163-41b1-43fe-ad7f-0c78ef530b1a,f21d5b606ee377a8e9747a48d658d7cb05cf9c8eafc5dea37d6f521f6636b9a3
227,goofy-simbi,goofy-simbi,An eccentric teenager that loves music,Female,df7dc588-f99c-4592-84f6-08b40047d9d1,c144fd1fee78b2ef4d181827c022edabab0c9bc8ce8de12b0b0c23f4bea5f422
228,akwaaba-ghana,akwaaba-ghana,A depressed gothic introvert,Female,d1e8b38b-994b-487c-890b-9034d3ab7dcb,4755565bffc374306fc893ecc6515582be3180fa06a054ad10292afc491ee463
229,aunty-toyin,aunty-toyin,An oversabi family member,Female,1326ef4b-224a-497e-9452-e63a4486e387,d7ea39306db01e4d8fe740c6f3efbb25910b06d0c25f9104eff14e63ac0b4de3
230,pretty-hauwa,pretty-hauwa,A young bride involved in an early marriage,Female,7c771f82-a512-403c-91b9-6736318a8796,faa62b53cb0f216d5b0559b25ab637829b0b90646528b6e6963b1f3c90662daa
231,chimamanda-enugu,chimamanda-enugu,a young lady born during the war,Female,eaad5c98-3f85-4480-9c4e-b73340cfba4f,5be5e92e7f5a275426de60ba21959acebd7573de9e72c0fa8dace40c743c26af
232,kente-solape,kente-solape,a respectful and diligent princess,Female,613ce65c-4b16-43f8-a0d9-b5ea8c5f2195,5458cbaccc19b14df1dc262ee291b47da94782bd7afda04f298929fa5bb89ca6
233,vamp-karishika,vamp-karishika,Queen of the darkness,Female,c4ee8a54-0874-4a7f-8344-dea8ba41f5dc,1aff6835a2e4750145acd377260e368e604753088285bf574062672678b885f3
234,genz-monique,genz-monique,A sassy lady with her own vibe,Female,b5328f13-b918-4e76-8d4c-8b4aec5eb5fe,0407ffee96936d39021f96bf324eaab7b239f3e45c27a67b43514b2905db1d06
235,femi-boltz,femi-boltz,A driver hustling his way through life,Male,03e8d36d-5bdc-4da4-8f64-c1738eb9d1db,c1b36f1fba228f51d1468d1d5310a54f78c8046a9871d4d86d50d1a3636e1c0e
236,agba-tech,agba-tech,A tech bro that loves to party but has bad communication skill,Male,403f28a0-6aa7-4f80-997f-b0982c169baa,bfce65c6cac328b8428ba30e3fba99b926dbf1964abfb1c2d8da0479fead6357
237,brian-richkid,brian-richkid,A trust fund baby that does not know how to manage money,Male,9d945d79-dd2d-4755-b9c7-bff837be8557,49693f66c3b382553f903b6cfdc24d5261736ccfdc6e1bc9a17fb7009001698b
238,nandi-zulu,nandi-zulu,A fierce African Queen,Female,09702bc0-d10c-48d3-a1e9-2aaa4e9f3f39,8e1f2068f4413f81727129108dc08c237c38037a4c02d9daeb34362240db78cc
239,ade-demon,ade-demon,A lekki playboy that makes money from crypto,Male,0be2d50b-3e57-4e39-a199-b211d2be860c,2cae5cf22f0fb56f63c218dbe1254cc64f0488a8f08a556a445bb0f6f3f9c773
240,karim-rapper,karim-rapper,A young and proud Lagos rapper,Male,169b58f8-b84a-4ab3-a4b6-d1c5b36aa1d3,ed43bdbce55584b06ad2238e09b0580e9ef1bcf7d32edbdd1ccfb3d1dc8b6079
,,,,,,f4b231982961aa10bf600cd4dd3f00a9548c67fae0b083a2b203f42d331cc649
TEAM AXLE,,,,,,891367ee59a0f46782a452755d5f8f4db7a6cf41ea3af0e93c1bfd81c676b3db
241,bobo-alinco,bobo-alinco,Alinco always in the mood for play,male,ede853c4-5abd-11ed-9b6a-0242ac120002,fdae6ccf6b7666788f02269e07f6778d7cab7e66b8ad9ed7cc23c92135d4d73d
242,chi-lastborn,chi-lastborn,"Baby of the house, the lastborn of an average Nigerian family",female,ede85964-5abd-11ed-9b6a-0242ac120002,b58519799cfaaf60220d9162b3e6e4a5bf72d0d2c2973e1607af9ccf979af79f
243,uju-robo-robo,uju-robo-robo,An aso-oke business woman at balogun market,female,ede85f90-5abd-11ed-9b6a-0242ac120002,b5dab00528efdae05ce1c9e8c45d7bf1851621b8c8ba634fc4c67abf1590d5e8
244,yetunde-anifowose,yetunde-anifowose,Old money lady who was in UK before UK was UK,female,ede861b6-5abd-11ed-9b6a-0242ac120002,b98d15d84534e5d593e406e7927102dd66ec5b30464fd78dfd81d84c6051d794
245,dumebi-jjc,dumebi-jjc,Innocent 100 level girl wey never spoil,female,ede865da-5abd-11ed-9b6a-0242ac120002,8007af62028ee51f1e8df19bbac7cd9637ac020207c9f221d56fac8386b4885e
246,ukwu-nengi,ukwu-nengi,Well endowed woman who will always make heads turn,female,ede86800-5abd-11ed-9b6a-0242ac120002,e2303854b4a4fa8fb3c72ed0df75a77fa80b03b8e3608cde833ac63d41ca7335
247,nonso-malay,nonso-malay,"Man on the move. It is either ego, or money my bloder",male,ede86a12-5abd-11ed-9b6a-0242ac120002,5e127d4f74c9afa6b7cfaa05bbf5e3e855d3edf0110ca6b5e2db9c12b975b891
248,saro-texaco,saro-texaco,An oil tycoon who dominates,male,ede86c2e-5abd-11ed-9b6a-0242ac120002,26138291fe43ec812909191940f1ada05271e5bd054f7329d8fa431ae9c01503
249,akpos-agbero,akpos-agbero,A Warri boy always in the mood for violence,male,ede86e22-5abd-11ed-9b6a-0242ac120002,3cd0a6618e78a011019f2af0d9f22d4f2873df9e49d0183d4b2e866df49022cf
250,kasali-danfo,kasali-danfo,A danfo driver popular for his positive outlook of life,male,ede86fbc-5abd-11ed-9b6a-0242ac120002,b9c099b92db6dd62e2f4b6203afe27c5542efafbfeed118e220faa1a5680ad71
251,osaz-benz,osaz-benz,an Internet fraudster who hails from Edo state,male,ede87fca-5abd-11ed-9b6a-0242ac120002,2d931a1ff5b24e86e7414f10889b9df642764fb932f7c9e33e586356861b8fb9
252,kareem-kasanova,kareem-kasanova,Abuja big boy who knows he can get any lady he wants,male,ede8820e-5abd-11ed-9b6a-0242ac120002,8fa3fb99e6c68d1204dfde62b059519e9f0b8065777e00d789b191f89cf3fcf0
253,mayor-of-uyo,mayor-of-uyo,Essien is a top Lagos businessman who hails from Uyo,male,ede883c6-5abd-11ed-9b6a-0242ac120002,b765cf547b00f7a353bf02cc4c13fe0cfcd6b25cf19554305c3460edd9b7948e
254,chinedu-china,chinedu-china,An Nnewi blooded spareparts importer and exporter with goods from china,male,ede885f6-5abd-11ed-9b6a-0242ac120002,5ab4f2fe6c69abf2db8a7d887e763c58421df8e396f28fe1d6c1f49dbba117e2
255,papa-ekene,papa-ekene,The oldest man of the Akwauzu clan,male,ede88808-5abd-11ed-9b6a-0242ac120002,fb9ddf9bc183b369ae808acc0b6a2450c87469490d1e4f9734e0f9d63c816365
256,ogbeni-rauf,ogbeni-rauf,Minister of enjoyment for Freedom state,male,ede889fc-5abd-11ed-9b6a-0242ac120002,4953c9b68fc0c1e3951fc228198ab10c8d1c708b5ca7f26cbd704dcba68a676c
257,koffi-banku,koffi-banku,E be Charlie wey no dey use en stomach play,male,ede88c2c-5abd-11ed-9b6a-0242ac120002,e9fdefdabfba2520fa7a38997419686877f2da6c9ffb1ea742581a1ad5e348a7
258,alhaji-bello,alhaji-bello,Rich hausa business mongul controlling half of cow production in Nigeria,male,ede88efc-5abd-11ed-9b6a-0242ac120002,e62effb01dc1ba2304a9f7c153748375a70abe6ddf7016525c3128064d8fad6c
259,toju-mafejopami,toju-mafejopami,Toju is a street hustler wey no like stress,male,ede895d2-5abd-11ed-9b6a-0242ac120002,28eee37ce3aa22928771f6c35c56c890c184c4ed3715a850e1e69bfb193823fd
260,femi-maserati,femi-maserati,"Rich kid who resides in lekki, known by everybody because he drives a Maserati",male,ede89802-5abd-11ed-9b6a-0242ac120002,8acac75bb8a5233fc03041f416302bbed1994801ea52bf95660286168d0828e5
,,,,,,f75b669f085b76c72491115b70f4fd42896003341bcd647a6e47470a26a8aaad
TEAM POWERDRILL,,,,,,0936e3038b50a2121aac165afc5c56b72a5d735efb7b1b55778e609e441c72ce
261,Paul-the-comedian,Paul-the-comedian,Paul trying hard to make everyone laugh so hard and fall off the chair,Male,f8112915-64ca-41e5-9ca4-5b60c47d7a01,53c2e34289cc47c1f2edd8ee6ed7b1427d6b6fa593fdd74f43ae956f56116c24
262,Amina-lagos-housewife,Amina-lagos-housewife,Amina is always showing the rich housewife vibes,Female,5612f542-d85e-4a2c-8661-20553dfd07bf,5c68bbe3df13a1c5ace0dc206e678d4986729bd5de0ec8e036edda4766d64258
263,Kiekie-the-asoebibella,Kiekie-the-asoebibella,Kiekie is classfied as the life of the party,Female,097014d5-0ef3-46f5-9a9b-5c01f70114b3,359c513f0752d5c7d1ac8cb176f38314672a4c7cd24c0b7b1db5786969c9c1d6
264,Kunle-the-hunter,Kunle-the-hunter,Kunle goes for the best and hits all his targets at bull's eye,Male,b0310fc2-4bed-48e5-abfc-566c964786d7,aae3750b016eefaf2e4074343c5d9e384151fb874923e6a6d866954bd6b92f51
265,Amara-the-hairstylist,Amara-the-hairstylist,Amara is truly your one stop shop for all your hair & beauty needs.,Female,412345b9-7e04-4102-af7c-5458721ac64d,985c32b69db440135aca32a5055f95171e29f5d16f3a8918b401802b7a978198
266,Mary-nail-technician,Mary-nail-technician,Mary makes magic with her press-on nails,Female,17ea9c3b-c90f-4023-84d6-d563c098b030,d09ae911cbfb91a4d838697572ac6a74d964f56f55bca9194492901c351705bc
267,Odogwu-oil-contractor,Odogwu-oil-contractor,"From Malaysia to Kaduna, Odogwu's oil is known.",Male,b503bbfb-f972-4d4a-9352-e9dfe6671d36,f269c701ddcfeac0f4af025b7094c2f0bfc52f2981cf53dda92e1c6574d211a9
268,Simisola-the-kenteprincess,Simisola-the-kenteprincess,Simisola rocks kente even in swim outfits,Female,45843017-b421-4413-8e35-7a6ef073f2b9,670fd33e7710b2559b4126ed54f55a3b14a74c0f04effda8aaffb50dc5fffe3c
269,Mariam-beauty-queen,Mariam-beauty-queen,Beauty is a fairy tale where Mariam appears.,Female,b7d96d97-84c2-485f-b60e-e4e86c4d3b34,9aa3e0f0234ffa313302beded79cda432e23acaad981e15cd2c849fbc03a6ea4
270,Obinna-the-musician,Obinna-the-musician,Obinna might never be an a-list artist,Male,afdb0299-327c-46b2-9262-faf90f0fcd12,f33daadb5b09ad482e1256ef644463a9241f93c5711771de3d60c1356007da22
271,Sandra-the-shybaby,Sandra-the-shybaby,Sandra is too shy at parties,Female,bfed40a8-74f7-4ada-ae18-975130247efa,7682369ac60312a3634e32bbec4e64ad84d95dfdffa9e9f0e6b9fc0a67f9530a
272,Chiamaka-the-dancer,Chiamaka-the-dancer,Chiamaka dances so well and earned the Guinness world record.,Female,43c49497-8d7b-42ef-bb29-769f6c3b0ada,72929ab2f022687e97854c9dfc19ab880ded83968fa16118593a81321ca9b510
273,Mensah-fashion-icon,Mensah-fashion-icon,Mensah outfits are always giving us Christopher Hemsworth vibes.,Male,87ada09b-38ac-475c-8d46-18680c2dc795,b465c89e66f2df05750bdb7e6ce2370c683bd7f715cfc76723bdeba9b8b96bb1
274,Lucy-the-fumigator,Lucy-the-fumigator,Lucy is nicknamed the pest hilter,Female,c7269d44-aab3-41e7-a54f-18a14f575a6b,3a334ff2db0bbb607ad8e23fd8b8376f9d315c43b56a1f7cb324852117112d88
275,Nneka-wedding-planner,Nneka-wedding-planner,Nneka plans the best weddings with great details.,Female,31ac6b7a-e378-4dc3-999d-b9e8d8473f99,31b60edf7b812073d5b699eca48d63c0cc6d62810ee3847cd432e08d134d5d82
276,Shakira-the-gangster,Shakira-the-gangster,Shakira is the most feared criminal.,Female,dbdc1351-aa07-46e2-935f-2db071b1b23d,fe87e94ca61d0d031b931fe327a25057eec86eb99e45e1a57c8128e3d243cb8c
277,Lola-afropopping-princess,Lola-afropopping-princess,Lola licks lollipops like an afropop queen,Female,2f5cadae-e423-4478-8220-37b3ac144169,fafb72ef7fa92889c7fe346b97cb407d8d1414fe746983dba94831e0f437ac46
278,Sharon-walking-dead,Sharon-walking-dead,When tired Sharon walks like the dead,Female,1fc37341-7dd1-480c-a01b-a63bee0a2230,82bdda4c40233c5ebe3f89c225269e9572c49a6af0422cbcb1f7bf3ec5eac958
279,Olivia-great-teacher,Olivia-great-teacher,Students enjoys Olivia's classes,Female,cfc4419e-bd46-40f6-9654-632ac1138ff1,6cb4e4835d4139555525da74a483952a1b166fb4eab1ff4d164e66abe2122e82
280,Nicole-sleep-warrior,Nicole-sleep-warrior,"Nicole holds the sleep award in our community, she wouldn't wake up at the sound of a detonated nuclear bomb.",Female,710ae821-4603-4124-bd60-a33b515b3b8d,57d42840b8d3bc7d2f5f9d068555da0db58dd1d59232b64095e84cd0be6bf2d1
,,,,,,d92ae8f325caeea579c556d03440927a38e4f9e469f2b18342904de77419916b
TEAM HYDRAULICS,,,,,,8eb470d07660b575f2b26d4e37b937d8e19e53582a5b840626e51ab0b7dcb47a
281,Busola-the-shakara,Busola-the-shakara,She is a fashion icon that loves luxurious items.,Female,ec4a855a-5ceb-4f1b-bbd7-a995aa45e875,318dd83b5cc70a33faf3a64445b7e2a118ce6d06288cacff63450e86efcc1ba4
282,Bella-the-artist,Bella-the-artist,A lady that host a fashion week show,Female,48772412-dacb-4984-9e82-8d24fe101265,757b0a06209285a3cf29cc9172c34547d44f6c7c926936063303eccd065d7873
283,Queen-the-extrovert,Queen-the-extrovert,A woman who enjoys being high all the time,Female,1712532a-20d9-4ccb-8582-bffd76c9fb67,166a010dfc31fad860156e476aaa1ff6c5221f9e484e8f858fb2d1464ccf4384
284,Mary-toxic-lady,Mary-toxic-lady,A lady who's toxic around people,Female,bc31af8d-c45d-4797-adfc-596fb22e4e3a,6cf03adc7fbf291d21be132fbfec2a6b94db73470f2b342948641b95f8ad79b4
285,Elizabeth-the-richkid,Elizabeth-the-richkid,A university undergraduate from a rich background,Male,21fad782-1b6f-4c2d-b157-9fdb9355c876,7243c42f5d1f7ad7ca878df5ba6bb3341fc45ff33fdf3d16ec5493cf5863edb4
286,Larry-the-westerner,Larry-the-westerner,A Yoruba Man who smokes his pipe in peace,Male,d4984fa6-dabf-409f-839f-76742ec71500,de62b8665949332084984245ae4f4b7a7270e67eeaede0a03af5fe23ea4867df
287,Danjuma-the-shocked,Danjuma-the-shocked,A pensioneer who got told his bank is on distress,Male,0187ca7f-f3b1-42ae-9e17-c46d58617608,6a5b99ce7c120704287dc38f8f45d2c06dc830d44fa7dacc1a4a413728ae5e08
288,Yomi-the-fashionista,Yomi-the-fashionista,Winner of the Lagos GT Bank fashion week.,Male,16d256ba-dc4e-4559-ae41-59779f351ad3,9febafb61a7110978c7131f3e64905c798e70a070ec8b646fecd2c0ed2ac2c88
289,Ibu-the-importer,Ibu-the-importer,A rich igbo trader who imports goods in onitsha market,Male,d3edc876-3f2f-4699-a376-0787bb06c5d5,338d1ce19cfbd80e8f18cdafab8c258d0055bde84b1502f1121bfc9111a42bec
290,Massa-the-ghanian,Massa-the-ghanian,A rich Ghanian trader.,Male,9a9a5fbd-7a3c-469c-95f2-50303c2e9fc8,25189f2c5b06015ff99d237c50275704787ceeabee0e7de7dcd2807e749c1c7c
291,James-the-musician,James-the-musician,A yoruba juju artist,Male,0d4ad447-3836-47cd-8387-066b200cda01,c77cd3bc9986f3a4b7c29ecfd8d267f53fcb28755c19831d66f0aaf939646ea4
292,Gbenga-titled-man,Gbenga-titled-man,A yoruba chief who is also a car dealer,Male,dc6c1a39-ec78-44ca-8296-68c6de7b5de4,cb01811e0911cd1e0a7434a24fd3d1fc6db5d74d71fab310965dac0022f8c4fc
293,Abaga-the-rapper,Abaga-the-rapper,A flashy millionaire and a music rapper,Male,c428411c-5a06-4b74-bd17-e53b76f9fc6c,0f97283af0c56513e7d649f821cff6a1a2635380035b49864f707dfd79373760
294,Izuchukwu-the-fisherman,Izuchukwu-the-fisherman,A fisherman who knows how to paddle well,Male,15e1caf2-06b3-45d8-9b35-f95965b64e34,8a87eb37398f2f5a6d89ab94efc3c5159c5185b3e9d8eec896ec7306227b6270
295,Mark-the-philanthropist,Mark-the-philanthropist,A London based philantropist.,Male,b48cbd98-96c2-4ec4-9d17-2c798be5b90f,59ed7dbdcfaad76785f1911c1c30fc5dc58a30ed8672501a2b842f7f70115c26
296,Desmond-the-politician,Desmond-the-politician,A young politician who just became a minister,Male,c52d4fbb-622b-4e2b-85a9-1a1d0f3d97d6,697d19acc9585e3cc6043396cf1179956e290aa7324131be6542b573f389fefe
297,Okoro-the-bachelor,Okoro-the-bachelor,A local palm wine tapper with hopes and dreams,Male,e441439d-49a3-41eb-bf9d-3c7f98c268bf,44e3196fe66d480ada0010929d82585cfd9b5cf47ade1aa0b41daf70085b4e3a
298,Saro-the-clothemaker,Saro-the-clothemaker,The yoruba man that stole the king's wife.,Male,7e10af4e-1252-4f96-83a8-78411e152bae,4a9d96dc04e1706b318205a553a9e92413386537495aa1dc6ca3c395b125edfb
299,Kalu-the-ichie,Kalu-the-ichie,A man of wealth with afluence spreading all over the east,Male,482ab247-73a4-4ff8-9172-732f3d0729b8,0955fcbbe96da64909e10724040e7afd94b50318e6d5bae27c14d9527f119aaa
300,Tamuno-the-prince,Tamuno-the-prince,An Ijaw prince who is also the heir to the throne,Male,108447d1-f2d5-4816-8ebb-599286c3fabf,d794210d3ca60264086a11a7cef15a8572222b27685cf1cb1e45e333ff18dc61
,,,,,,07bd6af596353a89082119fa80e1fd1c47c74de28ad8fe3ca88f1a5ab156a094
TEAM SCALE,,,,,,778b94f2cb9ce078b0e507820dc68856f36600db02ddc9a5d25d383bd11216fc
301,wendy-the -banker,wendy-the -banker,"Wendy loves working in the bank, as she gets to meet different people.",Female,587645e2-5ace-11ed-9b6a-0242ac120002,50c2f97ff1e1d77cd9c7b5c271504318d6330ef4ac64c0c3ae7d88907f129543
302,uduak-the -dark horse,uduak-the -dark horse,Uduak looks innocent and has the whole apartment bugged,Female,58764862-5ace-11ed-9b6a-0242ac120002,c79465139b891d8dfb12c078f09ec5fb6ed26abf138e60a0fdbbd68ac55c2e81
303,timeyin-the -eccentic,timeyin-the -eccentic,Timeyin is as eccentric as they come with no care for others opinions,Female,58764a2e-5ace-11ed-9b6a-0242ac120002,26bb79f2d78d701a21143af8459806cc9fe986df738522db1ca1646739ec909f
304,omawunmi-the -businesswoman,omawunmi-the -businesswoman,Omawunmi is a no-nonsense woman with a shop in idumota,Female,58764b78-5ace-11ed-9b6a-0242ac120002,02c809651775a239157b3241da6a7d7188fe5ba81342fee1119aa929a3b6ca5c
305,halima-the-housewife,halima-the-housewife,Halima loves to bake and cook for her children,Female,58764d8a-5ace-11ed-9b6a-0242ac120002,2a58b6ad617abf07e62beb1d9eebf80ee4accfb7bf62f5f22d3c961599616e4f
306,muna-the -block sister,muna-the -block sister,Muna loves to tell everyone in the block about her younger escapades,Female,58764ea2-5ace-11ed-9b6a-0242ac120002,fc3831d1b006eb6afb97b11e796c9fba553356c5c34a3e25a00a268178fdaa8d
307,stella-the -gossip,stella-the -gossip,Nobody gossips on the block like stella when smoking.,Female,58764fd8-5ace-11ed-9b6a-0242ac120002,d058a8026e48ddb54c7220010b05ed6248e558c12015f4648e9e58a406bb75bd
308,agbani-the-wannabe,agbani-the-wannabe,Agbani loves to shop antique ndecorations for her mansion in idi-iroko,Female,5876542e-5ace-11ed-9b6a-0242ac120002,99871f0a4afca5f9efe98fe76ed5112130a63c465cf272aa12286ec1ec8e0dda
309,asante-the -warrior,asante-the -warrior,Asante came from along line of warriors in Ghana,Female,58765578-5ace-11ed-9b6a-0242ac120002,b75d3663a9c1c824190acd43be4d1cd9f595a28b993358baaa1cce4da0201640
310,hilda-the -insomaniac,hilda-the -insomaniac,Hilda prefers to sleep during the day,Female,5876569a-5ace-11ed-9b6a-0242ac120002,5b6ddaa3c8cca7a30f4d496b97b3a74520b064fa8a857c5461aee5aceb472bf3
311,sisi yemi-the -street aunty,sisi yemi-the -street aunty,Sisi Yemi is everyone's favourite street aunty.,Female,587657a8-5ace-11ed-9b6a-0242ac120002,6a95acd9e6308906c69d804ccdcbde02654795850638539983cd6bf6b0585bab
312,chiamaka-the -bully,chiamaka-the -bully,Chiamaka hates people in her business and likes to scare the kids on the block,Female,587658ca-5ace-11ed-9b6a-0242ac120002,dfbbfcbb7c1c14fde7640dd12ead5a13df167a76f920531121bddbe82447a8a0
313,gift-the-fashionista,gift-the-fashionista,Gift has always been bold and that spreads to her fashion sense too.,Female,58765adc-5ace-11ed-9b6a-0242ac120002,b90faebf9bbd466f46a3edc74dcb70ebf0839fc2bc9221cfc9aec6156240327e
314,omoyene-the-weirdo,omoyene-the-weirdo,Omoyene likes to murmur to herself and talks about seeing ghosts,Female,58765bea-5ace-11ed-9b6a-0242ac120002,6bf4c78f77b2aa42651246981df40cdaa42dfca4f84138999933295413f5eeeb
315,maria-the -freshface,maria-the -freshface,Maria likes to believe the world is sunshine and rainbows while blowing gum,Female,58765d02-5ace-11ed-9b6a-0242ac120002,64e8b9523bb6e885a5578627c6293874521ac53522af0ecfaa567a1f4a528c45
316,monica-the -smoker,monica-the -smoker,Monica is never found without a pipe and loves to interject in every conversation,Female,58765e24-5ace-11ed-9b6a-0242ac120002,fe91d98a0411e94e436e0a5a49cd208fc7319b3e7f95bc494a153a011602a82a
317,,,,,,d219811b1c317e0c7950ef886b5be0fa84fea995d454b5d50afdbd0953009550
318,,,,,,82ad88c190aa94a40ffaeb8669ad02d8f81a6e8ecb329d3d1623f462beb4fb0a
319,,,,,,aeb9d15fe2429c998ae226751ebf13027cefc85116c852c470e8ad29c1884542
320,,,,,,7bc6f248d05b7e3dbea9cd9a0a468231999337222169b104949f53f24defe4e9
,,,,,,c1f84d3aeec081938164d77c1a8a1d618dc4cf6db0d78eae995272e8b290a4a1
TEAM SANDPAPER,,,,,,fef7d10d77348985b78170263dda2674a687749418eba3fcc7b09914283429e7
321,Omunyinyi-the-stoic,Omunyinyi-the-stoic,omunyinyi wears a Kitenge coat,male,c2d6a3ac-1d4d-4268-ba7f-4f0f8f50c1ab,5cc0d6f94fe6b6a2b424edecdf46b81f9aaab790df19897cb3e9e724d3b346d1
322,Kamau-the-sleeper,Kamau-the-sleeper,closed eyes meditating,male,20330f5c-40c2-4f6a-b9d8-d1d04fb97daf,87b53901574bc3488b466c98e8dba8224d9ef393115658525ca7de60cfeafa8a
323,Mutiso-the-lastborn,Mutiso-the-lastborn,masked up mutiso dozing off,male,0706c338-42eb-4d26-84ea-c24b39628200,dede4de34e0395e2d48bb758b5fe2bb135d703e352d75444277ddcfe5a368021
324,Omondi-the-vegeterian,Omondi-the-vegeterian,omondi wears a green coat,male,bfb5e8d5-d7a7-4aa8-85e8-d7d9afd4adb3,c712b570fb53adc285276295698ba6b92e3607adcf7f751ad2741f27874ae4bc
325,Barasa-the-optimist,Barasa-the-optimist,looks up to the sky and makes a wish,male,2da4bef4-38cc-4414-99ad-7361fac04b2b,9b468d585368106497dfd0a1c78f52a6ddbee798828eb9da72f68fdc2a74852b
326,Mwembu-the-elder,Mwembu-the-elder,"old but not so old, with yellow his favorite color",male,36181230-6ac9-417f-af5c-23bdd2c25ecb,89589f593c52acfae28424d3c5e02720dbacb1c691f6ee3a1e24acb88f93c7ca
327,Mbogi-the-fighter,Mbogi-the-fighter,masked up mbogi after capture,male,3a7bc3c4-1463-42ce-84c9-07337da64435,331897c771a581f1ed5502c056fe573625d7a0016e41ac1fb48f2874a5196764
328,Mrosho-the-runner,Mrosho-the-runner,masked up mrosho,male,b2ca2c76-3b6d-43f1-8cc9-089b6ab83876,58d2f2c6940fe0c2c859bb9972cf0185db831c85450817ce11b044519df67285
329,Milele-the-african,Milele-the-african,milele with a nice african print in orange,male,644b0259-d75c-456d-934c-ce7c052bad3a,0ab9fb8882b72d7247dbfbfaf788d75f09d887901edfe273a78b67f7c87736df
330,Olebon-the-oloibon,Olebon-the-oloibon,olebon in customized buba sokoto,male,de261efe-731d-461e-b2e4-42edd2f48f72,9c75c0c17b75c34bd786889267b702c48370d7b0c1a245431e99c9ccc61a6a7e
331,Chifu-the-maasai,Chifu-the-maasai,clothing inspired by maasai shuka,male,239933c4-7177-4b5b-86e8-e6f952301344,51e0acb8ef2f14e6ec37ffd23964c5cfd761b6c0b1ecea30da22c7c93fffb303
332,Mwangaa-the-voice,Mwangaa-the-voice,mwangaa the chief,male,49179b62-812d-4d0f-b518-4af7fa79f8bc,1ed614ecd0eb4105b8b43d0beff5dc95947ad3c4ad615d66cb83e3d8ad097b9c
333,Waforte-the-first,Waforte-the-first,masked up man who does sleep a lot,male,871912a8-d96e-4594-b7b3-450d94ee6924,2ea484f48db30fea17e65f1a3801f8b789c14968d8b88129a78a8bbaf1de8abb
334,Kariuki-the-prayerful-one,Kariuki-the-prayerful-one,kariuki closes his eyes,male,6a5b6fa6-0f91-4b01-957f-c766945eb704,343f7970aadc640406374d3574558ccc5165d5b00f1fbbe4ac6fb99ae88cde90
335,Kenyanese-the-priest,Kenyanese-the-priest,masked up man with with white cloth,male,0706c338-42eb-4d26-84ea-c24b39628200,e2119a4376d3bc9ddd0279b9d812c9f7411c63d1738904c10a65bd28fdff2cee
336,Nyimbo-the-singer,Nyimbo-the-singer,glasses and a pot for the night,female,d05af807-b3e9-4ad3-8df1-b7864d2daa33,ce569f9e42a92ebcb92c34e23e3c0a1d126a66f6c2c950cfed82c2f380e0bcc4
337,maathai-the-nobel-winner,maathai-the-nobel-winner,mathaai the warrior,female,0871cb8c-8d56-445d-92c7-01793f327707,8ddd6bb0525a367e48d49e77e8474615228f0af1b036f4c35fa2e616b22ce8e3
338,Tish-the-angry-one,Tish-the-angry-one,angry tish with specs on,female,750a89dc-44ff-43bf-8211-b7776f1b5e52,32279d4ea2f7dca869af0679567a4f818fc6f3b3115c01ecded68ed566eb5c03
339,Wamenza-the-winner,Wamenza-the-winner,wamenza the leader,female,7348c9ed-4ac9-4785-9434-0a1f0dcaf8d8,a9a414c43810bf725692818df249c6fcebb74185106c30c924db5b6dd571c5dc
340,Isaya-the-track-king,Isaya-the-track-king,isaya the traveller,male,41781a16-d2b8-4fc6-a1f4-b9fffc5c95ba,679c4d8d87cf5fe7d83d0005615f781fc676543ed3aa463d618f319fbd0e1050
,,,,,,44dc31c02ea0d5d4dc5b1d0a8ef88968f4297acad06fe480dee22edaeaef87ff
TEAM RULER,,,,,,143023981aca01a993d0bc5dad83c7e83460f054424d44714435fcf9fbb8657a
341,mansur-the-partyrider,mansur-the-partyrider,Mansur is the life of a party and never caught dulling.,male,78db0f29-3936-4d9c-bb90-3dbf20dba2dd,74542ee00d9b55edda8083fbf1cf9b2138a270f338fa5e20b43cb99ff2055fa8
342,tola-the-businessman,tola-the-businessman,Tola loves business and owns several shops in idumota,female,1c5d5a6b-cf04-4bf9-978e-22a7e9bc5819,3d7b8b6b3d7cd22a731044dfc756c0c3e6d3714dfe90f29e9e169cef502b8d0f
343,abdullahi-the-honorable,abdullahi-the-honorable,"Popularly called ""buje budanu"" a godfather who lavishes money on young thugs",male,dd708276-445f-4483-8357-fc08e999328f,f57a591b3d7511e6f95d1a9c7b25667c097af2f51279f149af72c2fa12a98454
344,ojukwu-the-badguy,ojukwu-the-badguy,Ojukwu likes to oppress and cause trouble,male,76c1eabf-15ea-446a-8426-472982c4d800,632dc610776001d8e6f8c395081a81ceb69579f91a833230862d9a8eab4e076c
345,odunsi-the-egbonadugbo,odunsi-the-egbonadugbo,Odunsi loves to advise and people in the community rely on him,male,2912ab8b-5875-4277-a5c2-a0209aee90ae,3cd5ff2243836ac5ac14f58934e9df234a7ea2c16c67465ee3dbae70f766c19b
346,ogogo-the-sugardaddy,ogogo-the-sugardaddy,A rich oil magnate who loves to 'solve' young women's problems with his millions,male,aa575f30-04ad-45f9-a798-199465117793,3c1d77eeb77a9602cd18bafcf36f2a3ed7003480fb4b08b4e00dc8240c0817fc
347,suli-the-amalaseller,suli-the-amalaseller,"Suli sells amala , she is very rude, and they say thats the secret to her sweet food",female,46fd4821-04dd-4f65-9290-c130a00c4c93,5ea399336ea2ebe00cdf8e86e55133711401c3120cd06512c36ff055d1d1459c
348,dolapo-the-afrocentric,dolapo-the-afrocentric,Dolapo loves african prints and loves to showcase culture,female,cbab232b-5c62-4df8-867b-018a2e496cd4,09f9e83c4fa81f0b182125e7f3ef8161b97fde399b662c762e87d9cf0de11090
349,danjuma-the-saddist,danjuma-the-saddist,Danjuma is a grumpy man no one likes to associate with him,male,5a42af57-186e-425b-b6b1-f72bda4911ef,3be2e2acb17dc540c22e2f067efbaa59e4ba6d48828234d85b67b958a701dce6
350,chinedu-the-farmer,chinedu-the-farmer,An hardworking farmer who has 6 boys who help out on the farm,male,9e8a55d7-0d8d-465d-a628-08ddd387a2c6,5f7d6608e83c27cba81fd13c52581d2521379070f6cce3ad9ff7cce9518b3088
351,kola-the-baldguy,kola-the-baldguy,kola girls fall for his bald head and always barb it,male,c32f1757-da9c-49e8-bd79-510a42b6971a,35089a5f4497a8d65808f3950b8c880d649421d80444139781cc3ae7482b5521
352,bola-the-bosslady,bola-the-bosslady,Bola commands boys and chill with men,female,09ff910d-a2be-49d5-8b27-b9378458701c,ff0614a03d8dafbee4d372206d45ce6729ee33030bc5197b1708910170210afb
353,kunle-the-alienguy,kunle-the-alienguy,People feared kunle because of his alien's colour,male,dea2f5d8-e3ba-4d3f-9a17-0a7edfd0c100,a68ddb6c18d5b75cde75971cfcdc14aa77ff50de22b373bf3062d34677617d1f
354,segun-the-sharp,segun-the-sharp,Segun drives with caution and people love him for that,male,f9159a9c-f48d-4aee-bcc1-63c86209f806,11383c926cde6a1997838c81efd7fa3d18a1df16908c9cadcc233985e62755db
355,ola-the-hardguy,ola-the-hardguy,Ola is feared by many and he leveraged on that,male,a814fc77-bdfa-4e50-8ba8-3e4e4bcfb3c0,266d5011e7e84d2c1e20a93630228121b086bc9f7f5af2ea4ab70ef4598e71a9
356,emeka-the-chief,emeka-the-chief,Crowd are always at Emeka's house and people respect him,male,195e89c8-0b6f-43ad-9a2c-d20f03439e96,aa731b3ff9cb96a0d6162aa7f570296e74418bd0f608c7dd4a7f7ebf35763531
357,ugochukwu-the-celeb,ugochukwu-the-celeb,Ugochukwu has many followers on social media,male,74775cda-cff4-4d21-8819-693127598eca,22c3cc213b9fc38746ad12a85f500b2a7228b0416b1176e2ecc484195f644a90
358,adekunle-the-yorubademon,adekunle-the-yorubademon,A womans' man with no devotion to any of them,male,5c98c2d8-3144-4e08-8a0f-9b8d7e4f5aa7,7d0d3f5d6dce4172140da5ba2d21685c79250d59e2f28d2b93f0dc14c56697b3
359,favour-the-fashionista,favour-the-fashionista,Combining dresses is not a problem for Favour,female,19fc15c3-80fe-4d45-a2fe-be8f087d57c4,ac17622c3068a2071ed5588bb1096faa4fb44776fd450e81dbe51cbe747554e9
360,jane-the-slayqueen,jane-the-slayqueen,Jane is always found in the midst of men and loves partying,female,74775cda-cff4-4d21-8819-693127598eca,ef7580a7b0208c31ba02e9b0a6a5e5887219b849fea965650e9ed46d923d6d99
,,,,,,b4b298ca071a8def13889bfc8795e619c05d7bf45445baaf95524106ce7d49bb
TEAM VBELT,,,,,,d5bd9d6f7a53caeb86856cbf88b61f20ea2789e96f25efa9338d707f8776018b
361,osas-the-ceo,osas-the-ceo,"Meet Osas, a Gen-Z CEO with the British accent.",Female,b10f7e42-4778-49db-820b-dabbad75504a,85c049ce8027f17dbf47cd5275af416916d94bd978f4b2ce1f62c202129aebd4
362,nneka-the-rainbow babe,nneka-the-rainbow babe,"Nneka, the happy rainbow babe with the vibes",Female,e7e20ab8-03e0-4e0a-80aa-6e193f84426e,bb18a733e88468ca19e55cee3137439aa555c9bfabdfc7be2ecc1c7dd0a3a0f4
363,temitope-the-spoilt girl,temitope-the-spoilt girl,"Temitope, our favourite Daddy's girl.",Female,10cbcbcb-754e-4175-b85d-d0c7eafa16a2,1b777fd471122cd5229bb33f6c6e52268305950d0d0548909f75412de9d5fcfd
364,bekeh-the-party animal,bekeh-the-party animal,"Baby Bekeh, Life of the party that goes home with your charger.",Female,f0558235-3043-46e5-b26c-5bde83cc67fb,74a29e2ed2fef23c2973f6f98d555d3eb42ba6ebfd2f10d695ae5fa501a0af20
365,nana-the-tech lady,nana-the-tech lady,"Nana, the tech madam that doubles as Kumasi Adele in her bathroom every morning.",Female,e0858913-7050-4c4a-a2a0-442a88463334,a59d443d9bc0d0de5174d74fff17858983d3fdd2320d46bceebe7524afdfc093
366,rofiat-the-marketer,rofiat-the-marketer,"Rofiat, the distressed marketing intern.",Female,1e4d9bda-f6f9-4e7a-9381-bee4b074b56d,a897f4d713edc227e7be2905fb1aeb0f89d8b269243a77730d42c80c7f61a397
367,zarifa-the-righteous,zarifa-the-righteous,"Meet Zarifa, a proper baddie for Christ.",Female,c6955d16-c343-46bc-9bed-c069ea8cc65a,5f9e15ec956dcab6dab392733b9452309a5a65122f115bc13798d2cdc671a135
368,modinat-the-troublesome,modinat-the-troublesome,"Modinat, The queen of Gbas Gbos.",Female,49eb44e8-1117-463b-b7b3-1bcea4258362,c03f5bd91dca7e51543f833f532f3042f3c6ce63d75cb2c905abf5ef3caa5c47
369,amaka-our-mummy-g.o,amaka-our-mummy-g.o,"Here's Amaka, our one and only mummy G.O who's been to hell and back.",Female,853edc40-0f9d-40c5-ba78-46067dfd7f68,b096d8c55178fba6ba838b749d95e6c6bf92d5f9c9d448821811c823bad0266e
370,mawusi-the-patient,mawusi-the-patient,"Meet Mawusi, the sweet sister waiting for her Canadian bobo.",Female,ca9ddc30-141a-493d-851b-71d34f599641,b32520e6545f522711d9a1adac3ce98af3af9f4e6a327cbc3cd5c0328cf455ef
371,nesta-the-difficult,nesta-the-difficult,"Meet Nesta,the National Chairlady, Shege Administrators of Nigeria. (SAN)",Female,fc3b7ca7-efdb-45b2-b7c9-e69107484a43,72841f84f94f579829ee8531a9f552ec2f6d6de89016d3f9e50fbf5abf2fe08a
372,adaora-the-choir mistress,adaora-the-choir mistress,"Adaora, our able choir mistress that will take your boyfriend for vanishing.",Female,df944505-da1a-424e-88aa-b9d365bd2775,c5c366483773bb73c55f32387b3d5edc34882f420c590747bef318627583fa4c
373,busayo-the-husband snatcher,busayo-the-husband snatcher,"Miss Busayo, Can transplant your husband with the blink of her eyes",Female,73c8d935-4a71-41d2-a1de-066ae8d548e6,bb76d522b683dc38234964fda1d71cc9ee657aec7381a12c31c8724a06e9fed4
374,wangari-the-waitress,wangari-the-waitress,"Wangari, the aspiring musician that doubles as a waitress.",Female,4bd7a15b-cc66-4e2d-8fdb-d550f2dd645c,6997f826e5371d5f4c56c603668b8cbd51d035594101616eb669270f39a13324
375,charlene-the-shy lady,charlene-the-shy lady,"Meet Charlene, the shy sweetheart next door.",Female,36539b84-ada0-43cb-92d4-30596e07a39a,5b0a1706ccb635b3b612cb7abb69ad121e2e4aaa8bb6e8ed35c6c4fba6888084
376,addae-the-unretired,addae-the-unretired,"Mummy Addae, the hot grandma that has refused to retire.",Female,ced7b53c-73de-4fc7-a652-2b17ebfe68c9,f17f2b5585e8316ffa89165602bd5d26131fbca7fc3a11e19e7d921d0618b8a5
377,abena-the-slay queen,abena-the-slay queen,"Abena, the gang's slay queen",Female,1e4728e1-3e45-4972-9755-4a38e784ff91,1c9c349be592fa96ea091b14547453db8b66ddb1563a5856d56bda087044d410
378,gasira-the-violence mama,gasira-the-violence mama,"Sister Gasira, wipes people Oraimo cord for a living.",Female,ea72337f-658f-4198-9ad6-39bc6212c20d,a541626eca8a3e071fcf3da5b387fa4535f7eb7d74508cfd7e046912269efad3
379,salamatou-the-exchange student,salamatou-the-exchange student,"Salamatou, An Ivorian exchange student who's in love with Amala.",Female,0e216fd1-d96a-4e3c-a59b-c807f772c5b3,6b86a084181af7dbcdb78a9903716dbcd821e571e450f5633751e379feb06480
380,nguyen-the-foreigner,nguyen-the-foreigner,"Meet Nguyen, the Asian Aunt that's addicted to Waakaye.",Female,0381301b-b5a3-42c1-9f73-2c43c0b8493f,5cdd8e01002c18a577b9b4070c9e89018e537a04a5969f2533cbf0cfb037abda
,,,,,,5496c21962650bb0ba7bd4e1aea51d7fd89ae6cbb9cbf0566984268bd1e82e71
TEAM AXE,,,,,,d875da20edfe73b8a24c30a944e655cbcb25aa016721a89e2403a72cb88ba467
381,Olofi,Olofi,Olofi is the Yoruba creator god and messenger.,Male,26340cc4-e334-494e-a737-f2b4bb9bb22e,3eebaa41aac6b7e7afb3fa2236458c905ab70edd13e114eef719fc7dbf2674b4
382,Amadioha,Amadioha,Amadioha is the Igbo high god of thunder.,Male,a0586a93-7aff-43cc-8282-d081b8d6fe90,7c662dd162ac7f3b55f682bd3203b19040bfdf4df59665d3fb885d675070e609
383,Sango,Sango,Sango is the yoruba diety of thunder.,Male,15e1775c-74fe-4a0b-b79c-49f6b730fa89,19f0b3bdd90e97700acfd23e78f56379e2d1f713a1d4cbd7fffc62c36ed51d06
384,Agwu,Agwu,Agwu is the Igbo deity of health and divination.,Male,311a6713-66c9-43ce-82d8-e3ce03a87a81,1a5bcae21c29a562f04aff506cf9d3990a83d8832caf72f7f56b7020642f6a08
385,Tano,Tano,Tano is the master of the Ghana river Tano.,Male,9c34a73f-33ee-4577-aba8-0982c1656ba7,872a8817bcbbea6b047921f67eccea467397b8c94a0251e35596f522094345f0
386,Anansi,Anansi,Anansi is a trickster god of stories of the Ghana people.,Male,784f0f6b-4273-4a31-88d7-2455b96c9011,eb6d6f33543b512e35ad926bed8da0143c77df13fb94cc3b9ed78757509864cd
387,Nyame,Nyame,Nyame is the omnipotent god of the Ghana region.,Male,f3af0bbd-0724-4696-89ff-ed67f63e6b4f,b1d6d1e7f0b10da81a079fedc0850025da106ffc171fa6c78bd0fe23d0ba900c
388,Obatala,Obatala,Obatala is the lord of all gods in the Yoruba land.,Male,c447c120-830e-4543-9cb3-5917ba36bce8,4dfb778706998b7fd2e629dd19c8397fa0f0bba00635490b367d3059f8c9bff5
389,Erinle,Erinle,"Erinle is a powerful hunter of the Yoruba land.,",Male,dacbbb38-087d-4248-8085-13b619da0ef9,814ad72af80301e45ef4d6c41db2c827de8e1656426ca7cd00bd3eb109d9a094
390,Ogun,Ogun,Ogun is the Yoruba God of iron and metal work.,Male,94c607b3-791e-40df-bd93-50926f094143,50f8c6f151a85d69b3aa939ed51165bf2c789066e4f08e2a74b3b4027505e4b2
391,Abosom,Abosom,Abosom is the goddess of wisdom and knowledge of the Ghana people.,Female,b3427836-627b-41e4-a2d0-c29473448343,2752cfb370accddfd8deb5d5f04323bf6c71739fd1552a57cb8a08a3f4609c63
392,Oya,Oya,Oya is the goddess of violent storms and winds of the Yoruba people.,Female,22aaebe4-4659-44de-ab3d-c4dae11fe9f5,069e403431b3b44e596ed8524a292de40a77dada312fec2b0395a61420afb54d
393,Agbala,Agbala,Agbala is the stylish goddess of the future for the Igbo region.,Female,ca720bf9-5e47-4421-b38f-bc62162ae99e,47e9bcca0034e31702ff24ac4fa62f7c5171818291f7e613252809b69e247d10
394,Njoku-ji,Njoku-ji,Njoku-ji is the goddess of new yam of the Igbo people.,Female,3b795bad-91b4-4d0e-8ed8-bccbb226fc55,61a16eee87cb727fe05162d1be5578106906d4f3d6c1c2c54b3f5103ad6fd1fc
395,Akonadi,Akonadi,Akonadi is the goddess of justice and prophesies of the Ghana people.,Female,2aebd094-3be5-4773-a7a0-361f6332a7d4,cc7428933c8923654ea9fe5c807205f969479cc3d0e5331e811307dbb906b222
396,Onyame,Onyame,Onyame is the goddess of the moon of the ghana region,Female,fb148f97-d309-45a4-b902-4e066ca13f96,8aa1f8e110861ce63c24dd70c8ca43b8a6b38e31fcb097971bed045591cae506
397,Ibeji,Ibeji,Ibeji is the goddess of balance and twin of the Yoruba people.,Female,7b210c03-5446-462d-980e-c73dbbc1e386,fa1dd440ad79f45f01d4ec3a5346d01c29a10e8b2a9822a164090e055288fdeb
398,Asase-ya,Asase-ya,Asase-ya is the goddess of fertility and love of the Ghanaian people,Female,80b51092-3fbc-4d0c-8518-fc461ccb6c80,581defe806558f2b55f9337444e371273ced3a2fcf9dd1fea8e8572206bacce9
399,Yemoja,Yemoja,Yemoja is the stylish yoruba goddess of the rivers.,Female,1693b44d-96cf-4c2d-89be-9f4219c28447,45f343b0bdf98a4ead38fb994af1783e9088d4aafff5599d07413f294b1f3671
400,Yemaya,Yemaya,Yemaya is the Ghana goddess of rivers and waters.,Female,9609d0f4-d9d3-4cff-aa06-a9c459fefa39,35e9a79a137749327d585505a280d88878b96d6239b388fc387f9db6b724665f
,,,,,,a88e54c2b7b8f29cb3a537147039a81ecf4149931f44bf6b33857e1bca86a89e
TEAM BOOT,,,,,,355a99c7af86004a2f09eda3038898a2b1b3f82b827d3b8797c42cd84c84ac81
401,smirky-becky,smirky-becky,Becky ends every statement she makes with a smirk.,female,87bcc41f-eb3e-4ba2-9645-223c949a9b50,3162665b60d7e88da96f6332a8bbca5842b631541d53ea321c502bd2d723f4a8
402,ankara-scarlett,ankara-scarlett,Scarlett is a tailor at yaba market and she loves what she does.,female,66d0149f-5f2a-4ded-8e6b-9bd7d7631c39,5a7734b3984fa58f36913a5f52379ee3140d92186e69442864e141affe3a00a6
403,sea-rastafaria,sea-rastafaria,Ronke is the ghetto goddess that nobody wants to mess with. Stay clear!,female,d1556c97-9075-49fc-8bde-1826bfc2dbe1,ec319cc33b6806fab9273a0ea54736423124592b30d5ea541a7522914363456b
404,pretty-betty,pretty-betty,Betty is always proud of her beauty.,female,6a4f5b7c-914d-42c5-8e5f-d1c34ca48886,b280d73c5626c4eec647c712d04347454a80cbaa64be3ca52d514c36553c24c8
405,lola-medusa,lola-medusa,Lola knows how to seduce every guys she is into.,female,32ec57f7-8272-4671-ad2d-db3dff99fe9f,4339dea8fb26138e3d55256b6aa2d5e29db2edc4ac3a0345cd1d85afc902553c
406,bukola-nosend,bukola-nosend,Bukola is friends with many but always get moody.,female,59d19b13-09e2-412e-a669-df020e03ae10,e0ad9fb363a5d14bd418427cae865f95fcf75b74c359b1bb8e67ab5e8fdc45df
407,burna-morgan,burna-morgan,Morgan paints the town red with her red hair.,female,d08af477-de20-4780-8449-46b87840b9fa,289991e4d37b39a7201f721e45656e1f537810c81e2a3cffb7a23a8b4686beed
408,afro-star,afro-star,Bimbo is an afro star with great affluence.,female,40743b16-ae12-4b4a-989c-e5fbf1e2e0ca,e0f160e0335adcd80958cc74da8c07faa0a454a9904a12938ae9be6d709cb2d7
409,fiesty-sandra,fiesty-sandra,"Sandra is a social animal, correct owambe ambassador.",female,d875aa6c-3e4a-4450-b09c-e9f1cdcc3947,f8a9b1c7c023d9f836494c0ebaf5696d34d1228412c4129bca2be0c918ec7496
410,sister-nkechi-sabi,sister-nkechi-sabi,"Nkechi is the true definition of amebo, always in peoples business.",female,a728a380-1d33-4080-841d-80b041474d8f,a0c9cbe0b118b6131bca8e13c0d9b88a216231c6b4907e055cda24b1497dcb41
411,unfriendly-gina,unfriendly-gina,"Gina is an angry one, she has no friends but she has a lot of money.",female,dd30a327-8a74-40a5-8207-19a790508ccc,59f2b07ac519c200288b384d224c1f0702570c70bb996979ee6523e0d06a00cb
412,dada-ganster,dada-ganster,"Dada respects no one, always finds pleasure terrorising others.",female,e1a43f65-aad2-4385-ac5e-bc159c6e0f2a,1dd6f61239c48f9f3b1c90ce20997ba20a26aadba0cae6a5ec23bec38d1f0fbd
413,idoncare-linda,idoncare-linda,"Linda is a beautiful but very annoying girl, she turns every thing to a fight.",female,ed04b47c-ae98-4db2-b71b-04d7bb976d45,26d50a03dff026ab389eeb026f2fc46c336ec55d2e350fc29e27e7c5bf489fbe
414,doubting-vivian,doubting-vivian,"Vivian just like the thomas in the bible, she doubts all.",female,a0282797-44ef-4bfb-a701-e4ed5e727d63,dca9432471cd4eacecab4786a39216a477b1bcfebd781f1edd51a716c7a81c79
415,simbi-side-eyed,simbi-side-eyed,Simbi is reserved but doesn't allow anyone intimidate her.,female,1f99104c-e98b-4c9a-9891-00a481e86008,1abcca5f1e5abc4021a96c4cd840fd9b6d6d01f26dc1ffa820d2b33c0409c5ce
416,bambi-tekno,bambi-tekno,Bambi is the dancer of the team.,female,95ff5e2c-1ff2-4d58-890b-de0f39f9d8ce,4e22cad3c079b46ebf9fc4aa1023f73584d57dfdb57784f070dd30b29a97c98a
417,saka-portable,saka-portable,Saka is forever convinced that his toothless smile is the icing on his cake.,male,bd98f74f-e42e-494e-8298-3183555ca666,caf912dc38e06c8b8d9fa6f27877feb1135b7f4a450b62789f4ee7ec0154e3ce
418,king-of-boys,king-of-boys,Busayo finds her way in ruling the boys and that's why she's king of boys.,female,a650e79c-f964-4eb1-aa89-f9c1dbdede76,1eb8893db5060db5735bf905057f3830667e64dd41ffa64ef9d8a7e8fca5563a
419,funky-alte-pop,funky-alte-pop,"Funke is always the life of every party, strong gen z advocate.",female,b6753a8b-6127-4e97-812b-99e465791ba3,aba921d9bfedb9b7d03ccb5d284cc74a1f6357fc8aad31b1ee981fc29591ae8a
420,madame-ngozi,madame-ngozi,Ngozi make heads turn with her bright colours.,female,7ecdbb1d-9a89-4136-b240-499051836979,c1a50cd0eba27cb85cd139041da603dc894725a4c928396ac429677c03fab17f
